cutoff_year,horizon_start,horizon_end,system_id,reaction_id,label,first_edge_year,system_first_year,system_age,system_paper_count,system_recency,system_reaction_degree,reaction_system_count,element_count,text_document,score_popularity,percentile_popularity,score_logistic_topology,percentile_logistic_topology,score_random_forest_topology,percentile_random_forest_topology,score_random_forest_chemistry,percentile_random_forest_chemistry,score_random_forest_hybrid,percentile_random_forest_hybrid,score_logistic_text,percentile_logistic_text,score_logistic_text_hybrid,percentile_logistic_text_hybrid,score_lsa_text_embedding,percentile_lsa_text_embedding,score_pu_logistic_hybrid,percentile_pu_logistic_hybrid,ensemble_score,rank,human_hit_all_primary_and_preprint,human_hit_peer_reviewed_articles_only,blinded_row_id,annotation_id,paper_id,doi,publication_date,display_name,composition_raw,material_class,evidence_context,reviewer2_material_valid,reviewer2_reaction_valid,reviewer2_target_catalyst,reviewer2_corrected_system_id,reviewer2_corrected_reaction_id,reviewer2_evidence_sentence,reviewer2_notes,reviewer2_status,id,work_type,source_name,abstract,peer_reviewed_article
2025,2026,2028,Fe-Zn,ORR,0,,2020,5,9,0,2,101,2,"Low Cost, Easy Scalable High Entropy Alloy (HEA) FeCoNiZnGa for High-Efficiency reaction ( reaction ) Regulating electrolytic Fe0.5CoNiCuZn high entropy alloy electrodes for reaction reactions in alkaline solution Unveiling the impact of Al and Cr alloying on structure and reaction performance of CoCuZnMnNiFe high-entropy alloy nanoparticles Low-cost high entropy alloy (HEA) for high-efficiency reaction ( reaction ) Enhancing reaction functionality through anodization and nitridation of compositionally complex alloy Stimulating Electron Delocalization of Lanthanide Elements through High-Entropy Confinement to Promote Electrocatalytic Water Splitting Aerosol Assisted Synthesis of Iron Oxide@High Entropy Alloy Core-Shell Nanospheres as Superior Electrocatalyst for the reaction MoZn-based high entropy alloy catalysts enabled dual activation and stabilization in alkaline reaction Solid state laser synthesis of high entropy nanomaterials as elecrocatalysts for water electrolysis and biosensing Low Cost, Easy Scalable High Entropy Alloy (HEA) FeCoNiZnGa for High-Efficiency reaction ( reaction ) reaction ( reaction ) is the key step involved both in water splitting devices as well as in rechargeable metal-air batteries and there is an urgent requirement for a highly sta evolution reaction ( reaction ) is the key step involved both in water splitting devices and rechargeable metal-air batteries, and hence, there is an urgent need for a stable and low-cost material for efficient reaction . In the present investigation, Co−Fe−Ga−Ni−Zn (CFGNZ) high entropy alloy (HEA) has been utilized as a low-cost electrocatalyst for reaction . Herein, after cyclic voltammetry activation, CFGNZ-nanoparticles (NPs) are covered with oxidized surface and form high entropy (oxy) hydroxides (HEOs d great interest in electrocatalytic applications. To date, very few materials were systematically developed and tested due to the highly difficult preparation of high-surface-area CCMs. In this work, a surface of a compositionally complex FeCoNiCuZn alloy (CCA) was nitridated with subsequent anodization leading to morphological and compositional modifications. Notably, the electrochemical surface area and surface roughness as well as the electrocatalytic activity of the anodized mater the delocalization of 4f electrons can be achieved through the interaction between the multimetal active site and RE, which benefits to regulate the adsorption strength of the HEA surface. Herein, the RE Ce-modified hexagonal-close-packed PtRuFeCoNiZn-Ce/C HEAs are synthesized and showed an excellent electrocatalytic activity for reaction and reaction with ultralow overpotentials of 4, 7 and 156, 132 mV, respectively, to reach 10 mA cm –2 in 0.5 M H 2 SO ores the synthesis of high-entropy alloy (HEA) nanoparticles with core-shell structures using hydrogen reduction-assisted ultrasonic spray pyrolysis (USP). The focus is on synthesizing nanoparticles with transition metal based CoCuFeNi and CoCuFeNiZn HEA shells over iron oxide cores. The USP method enabled precise control over particle composition and morphology, resulting in spherical nanoparticles with complex core-shell configurations. The first synthesized particles with a CoCuFeNi de-off performances. The adsorbed evolution mechanism (AEM) suffers from sluggish kinetics due to a linear scaling relationship, while the lattice oxygen mechanism (LOM) causes unstable structures due to lattice oxygen escape. We propose a MoZnFeCoNi high-entropy alloy (HEA) incorporating AEM-promoter Mo and LOM-active Zn to achieve dual activation and stabilization for efficient and durable reaction . Density functional theory and chemical probe experiments confirmed dual-mechanism activati scalable seawater electrolysis. Second, the dissertation addresses the limitations of conventional enzymatic glucose sensors, which suffer from enzyme instability, short lifetimes, and dependence on expensive noble metals. It introduces a FeNiCoCuZn high-entropy alloy nanomaterial, also synthesized in situ by CO₂ laser on carbon paper, as a non-enzymatic glucose sensing electrode. The multimetallic surface forms active oxyhydroxide species in alkaline media, enabling direct electrocat",0.8940422441893334,0.9858078602620088,0.7989170587628867,0.953056768558952,0.1184088393252027,0.9421397379912664,0.4517355935540641,0.9694323144104804,0.4540747290796532,0.9978165938864628,0.7571346391645049,0.9890829694323144,0.968614173228304,1.0,0.7415208054056392,0.925764192139738,1.0,0.9759825327510916,0.9710092188258128,2,1,0,R2-011,A00013,https://openalex.org/W7135019773,10.21203/rs.3.rs-8904302/v1,2026-03-12,N-doped Activated Carbon-Supported Cu-Fe-Zn-Ni-Co High-Entropy Alloy Electroc...,Cu-Fe-Zn-Ni-Co,metallic_hea,N-doped Activated Carbon-Supported Cu-Fe-Zn-Ni-Co High-Entropy Alloy Electroc...,yes,yes,yes,Co-Cu-Fe-Ni-Zn,,N-doped Activated Carbon-Supported Cu-Fe-Zn-Ni-Co High-Entropy Alloy Electrocatalyst: Improved ORR in Microbial Fuel Cells,预印本；主分析若仅正式期刊则排除，敏感性分析可纳入。,complete,https://openalex.org/W7135019773,preprint,Research Square,,False
2025,2026,2028,Co-Ir,ORR,0,,2020,5,9,0,2,101,2,"Facile Synthesis of FeCoNiCuIr High Entropy Alloy Nanoparticles for Efficient reaction Electrocatalysis Understanding the Structural Evolution of IrFeCoNiCu High-Entropy Alloy Nanoparticles under the Acidic reaction FeCoNiCuIr High-Entropy Alloy Catalysts for reaction Reactions with Improved Desorption Behavior by Tuning Antibonding Orbital Filling IrPdCuFeNiCoMo Based Core‐Shell Icosahedron Nanocrystals and Nanocages for Efficient and Robust Acidic reaction Constructing CoNiRuIrMn high-entropy alloy network for boosting electrocatalytic activity toward alkaline reaction Controllable moderate-temperature synthesis of high entropy PtIrCoNixFe1-x for superior reaction Synthesis of high-entropy alloy nanoparticles on supports by the fast moving bed pyrolysis Tailored Electronic Structure of Ir in High Entropy Alloy for Highly Active and Durable Bifunctional Electrocatalyst for Water Splitting under an Acidic Environment Enhancing reaction reactions in nanoporous high-entropy catalysts using boron and phosphorus additives Facile Synthesis of FeCoNiCuIr High Entropy Alloy Nanoparticles for Efficient reaction Electrocatalysis The lack of an efficient and stable electrocatalyst for reaction ( reaction ) greatly hinders the development of various electrochemical energy conv Understanding the Structural Evolution of IrFeCoNiCu High-Entropy Alloy Nanoparticles under the Acidic reaction High-entropy alloy (HEA) nanoparticles are promising catalyst candidates for the acidic reaction ( reaction ). Herein, we report the synthesis of IrFeCoN FeCoNiCuIr High-Entropy Alloy Catalysts for reaction Reactions with Improved Desorption Behavior by Tuning Antibonding Orbital Filling Proton-exchange membrane water electrolysis (PEMWE) demands highly efficient and stable electrocatalysts IrPdCuFeNiCoMo Based Core‐Shell Icosahedron Nanocrystals and Nanocages for Efficient and Robust Acidic reaction Abstract Facets engineering of high entropy alloy (HEA) nanocrystals might be achieved via shape‐controlled synthesis, which is promis Controllable moderate-temperature synthesis of high entropy PtIrCoNixFe1-x for superior reaction Platinum (Pt) is renowned for its remarkable catalytic activity in the reaction ( reaction ); however, its significant cost constrains its widespread use. Integrating Pt with trans , and zeolite, which is vital to their practical applications, are largely unexplored. Herein, we present a fast moving bed pyrolysis strategy to immobilize HEA-NPs on granular supports with a narrow size distribution of 2 nm up to denary (MnCoNiCuRhPdSnIrPtAu) HEA-NPs at 923 K. Fast moving bed pyrolysis strategy ensures the mixed metal precursors rapidly and simultaneously pyrolyzed at high temperatures, resulting in nuclei with a small size. The representative quinary (FeCoPdIrPt) HEA-NPs exhibi Ir site, resulting in the d‐band center being far away from the Fermi level. Downshifting of the d‐band center weakens the adsorption energy with reaction intermediates, which is beneficial for catalytic reactions. Despite low Ir content, ZnNiCoIrMn delivers only 50 mV overpotential for reaction at −50 mA cm −2 and 237 mV overpotential for the reaction at 10 mA cm −2 . Furthermore, ZnNiCoIrMn shows almost constant voltage for the reaction and reaction for 100 h and a high stability number of 3.4 × 10 5 n noble metals such as Ir or Ru enhances the reaction activity and durability, showing synergistic interactions between metals and light elements. This study used electrochemical evaluations to determine the best-performing catalyst, identifying CoCuFeMoNiIrB as the best catalyst for OERs in alkaline media. X-ray photoemission spectroscopy (XPS) analysis revealed that B effectively shifted the transition elements to higher valence states and induced excess electrons on the Ir-B surface to promo",0.8940422441893334,0.9858078602620088,0.7989170587628867,0.953056768558952,0.1184088393252027,0.9421397379912664,0.5103219421627042,0.9934497816593888,0.4511277684228694,0.9956331877729258,0.6101342786097006,0.9410480349344978,0.6845348504493681,0.9781659388646288,0.5808691350170736,0.8427947598253275,1.0,0.9759825327510916,0.9564531780688986,6,1,0,R2-026,A00065,https://openalex.org/W7203959065,81,2026-06-01,Accelerating Catalyst Discovery Using Quantum Chemistry and Machine Learning,FeCoNiIrRu,metallic_hea,tional neural network (CGCNN). This similarity-informed approach doubled the ...,yes,yes,yes,Co-Fe-Ir-Ni-Ru,,"The model enabled me to identify a new, high-performance FeCoNiIrRu high-entropy alloy for the oxygen reduction reaction (ORR), a prediction that was then confirmed by experiments.",学位论文或原始研究；摘要称实验确认ORR；计入严格命中候选，注意文献类型。,complete,https://openalex.org/W7203959065,dissertation,TSpace (University of Toronto),"This thesis presents a series of computational studies that combine quantum chemistry with machine learning (ML). The first focus is on using high-fidelity quantum chemistry to gain a deepened mechanistic understanding of experimentally reported catalysts. The second focus is on developing data-driven ML methods to accelerate the discovery of new materials. This work demonstrates the interplay between these two approaches: density functional theory (DFT) studies provide the physical insights needed to build robust ML models, while ML provides the speed to screen large chemical spaces that are beyond the reach of DFT alone.I use DFT studies to explore and seek to explain the performance of two experimentally proven, high-performing catalysts for the oxygen evolution reaction (OER). For Ba-doped Co3O4, DFT calculations showed that Ba doping stabilizes the active CoOOH surface and opens a more efficient reaction pathway. For the highly active and durable Mn0.75Ru0.25O2 catalyst, my DFT work showed that an asymmetric Mn-O-Ru dual-site center creates a low-barrier reaction pathway. Charge transfer from Mn to Ru electronically stabilizes the catalyst and prevents it from dissolving, tackling the widely held trade-off between activity and stability. The second part of the thesis uses these findings to build a platform for accelerated catalyst discovery. I created a novel ML workflow that uses a quantum-inspired similarity metric as a key feature in a crystal graph convolutional neural network (CGCNN). This similarity-informed approach doubled the data efficiency for predicting adsorption energies across the vast chemical space of high-entropy alloys. The model enabled me to identify a new, high-performance FeCoNiIrRu high-entropy alloy for the oxygen reduction reaction (ORR), a prediction that was then confirmed by experiments. By combining detailed mechanistic analysis with accelerated data-driven screening, this thesis demonstrates a powerful and practical method for the rational design of next-generation catalysts.",False
2025,2026,2028,Fe-Ir,ORR,0,,2020,5,7,0,2,101,2,"Facile Synthesis of FeCoNiCuIr High Entropy Alloy Nanoparticles for Efficient reaction Electrocatalysis Understanding the Structural Evolution of IrFeCoNiCu High-Entropy Alloy Nanoparticles under the Acidic reaction FeCoNiCuIr High-Entropy Alloy Catalysts for reaction Reactions with Improved Desorption Behavior by Tuning Antibonding Orbital Filling IrPdCuFeNiCoMo Based Core‐Shell Icosahedron Nanocrystals and Nanocages for Efficient and Robust Acidic reaction High-temperature shock synthesis of PtRuIrMnFe high-entropy alloy nanocatalysts for an efficient reaction Synthesis of high-entropy alloy nanoparticles on supports by the fast moving bed pyrolysis Enhancing reaction reactions in nanoporous high-entropy catalysts using boron and phosphorus additives Facile Synthesis of FeCoNiCuIr High Entropy Alloy Nanoparticles for Efficient reaction Electrocatalysis The lack of an efficient and stable electrocatalyst for reaction ( reaction ) greatly hinders the development of various electrochemical energy conv Understanding the Structural Evolution of IrFeCoNiCu High-Entropy Alloy Nanoparticles under the Acidic reaction High-entropy alloy (HEA) nanoparticles are promising catalyst candidates for the acidic reaction ( reaction ). Herein, we report the synthesis of IrFeCoN FeCoNiCuIr High-Entropy Alloy Catalysts for reaction Reactions with Improved Desorption Behavior by Tuning Antibonding Orbital Filling Proton-exchange membrane water electrolysis (PEMWE) demands highly efficient and stable electrocatalysts IrPdCuFeNiCoMo Based Core‐Shell Icosahedron Nanocrystals and Nanocages for Efficient and Robust Acidic reaction Abstract Facets engineering of high entropy alloy (HEA) nanocrystals might be achieved via shape‐controlled synthesis, which is promis ry (MnCoNiCuRhPdSnIrPtAu) HEA-NPs at 923 K. Fast moving bed pyrolysis strategy ensures the mixed metal precursors rapidly and simultaneously pyrolyzed at high temperatures, resulting in nuclei with a small size. The representative quinary (FeCoPdIrPt) HEA-NPs exhibit high stability (150 h) toward reaction with high mass activity, which is 26 times higher than the commercial Pt/C at an overpotential of 100 mV. Our strategy provides an improved methodology for synthesizi noble metals such as Ir or Ru enhances the reaction activity and durability, showing synergistic interactions between metals and light elements. This study used electrochemical evaluations to determine the best-performing catalyst, identifying CoCuFeMoNiIrB as the best catalyst for OERs in alkaline media. X-ray photoemission spectroscopy (XPS) analysis revealed that B effectively shifted the transition elements to higher valence states and induced excess electrons on the Ir-B surface to promo",0.8419623393929815,0.9694323144104804,0.7836357310343223,0.9465065502183406,0.0849964076667903,0.9093886462882096,0.496578494244674,0.9847161572052402,0.4108409495965028,0.9912663755458516,0.5074708846471282,0.8144104803493449,0.6669296001274755,0.9737991266375546,0.5165458099460843,0.740174672489083,1.0,0.9759825327510916,0.9228529839883552,11,1,0,R2-026,A00065,https://openalex.org/W7203959065,81,2026-06-01,Accelerating Catalyst Discovery Using Quantum Chemistry and Machine Learning,FeCoNiIrRu,metallic_hea,tional neural network (CGCNN). This similarity-informed approach doubled the ...,yes,yes,yes,Co-Fe-Ir-Ni-Ru,,"The model enabled me to identify a new, high-performance FeCoNiIrRu high-entropy alloy for the oxygen reduction reaction (ORR), a prediction that was then confirmed by experiments.",学位论文或原始研究；摘要称实验确认ORR；计入严格命中候选，注意文献类型。,complete,https://openalex.org/W7203959065,dissertation,TSpace (University of Toronto),"This thesis presents a series of computational studies that combine quantum chemistry with machine learning (ML). The first focus is on using high-fidelity quantum chemistry to gain a deepened mechanistic understanding of experimentally reported catalysts. The second focus is on developing data-driven ML methods to accelerate the discovery of new materials. This work demonstrates the interplay between these two approaches: density functional theory (DFT) studies provide the physical insights needed to build robust ML models, while ML provides the speed to screen large chemical spaces that are beyond the reach of DFT alone.I use DFT studies to explore and seek to explain the performance of two experimentally proven, high-performing catalysts for the oxygen evolution reaction (OER). For Ba-doped Co3O4, DFT calculations showed that Ba doping stabilizes the active CoOOH surface and opens a more efficient reaction pathway. For the highly active and durable Mn0.75Ru0.25O2 catalyst, my DFT work showed that an asymmetric Mn-O-Ru dual-site center creates a low-barrier reaction pathway. Charge transfer from Mn to Ru electronically stabilizes the catalyst and prevents it from dissolving, tackling the widely held trade-off between activity and stability. The second part of the thesis uses these findings to build a platform for accelerated catalyst discovery. I created a novel ML workflow that uses a quantum-inspired similarity metric as a key feature in a crystal graph convolutional neural network (CGCNN). This similarity-informed approach doubled the data efficiency for predicting adsorption energies across the vast chemical space of high-entropy alloys. The model enabled me to identify a new, high-performance FeCoNiIrRu high-entropy alloy for the oxygen reduction reaction (ORR), a prediction that was then confirmed by experiments. By combining detailed mechanistic analysis with accelerated data-driven screening, this thesis demonstrates a powerful and practical method for the rational design of next-generation catalysts.",False
2025,2026,2028,Al-Fe,ORR,0,,2020,5,11,0,2,101,2,"Self-supported AlFeNiCoMo high-entropy alloy with micropillar array structure for efficient reaction Defect-Engineered High-Entropy Alloy (Al–Cu–Fe–Ni–Ti) Unlocks Enhanced reaction Performance Strain-engineering-regulated Al0.6CrFe2Ni2 high entropy alloy enhances electrocatalytic reaction Enhancing the reaction Performance of Bulk Al1.2CrFe2Ni2 High Entropy Alloy Through Deep Cryogenic Treatment Dealloying-driven nanospherical architecture in AlYNiPdCoFe high-entropy alloy ribbons: controllable synthesis and mechanistic insights into enhanced reaction Stable High-Entropy Alloy AlCoCrFeNi2.1 with Anti-Dealloying Effect for Enhanced reaction Performance reaction Enhancement of Bulk FeCoNiAlMo High-Entropy Alloy through Electrochemical Dealloying in ChCl-EG Deep Eutectic Solvent Electrochemical dealloying in ChCl-Urea Deep eutectic solvent: A strategy to fabricate porous FeCoNiAlMo high-entropy alloy with enhanced reaction activity Self- supported high-entropy alloy electrocatalyst for highly efficient H2 evolution in acid condition Sputter‐Deposited High Entropy Alloy Thin Film Electrocatalyst for Enhanced reaction Performance Enhanced reaction Performance of Amorphous/Crystalline Ni Nanoparticles-Decorated Maze-like Nanoporous High-Entropy Alloy Self-supported AlFeNiCoMo high-entropy alloy with micropillar array structure for efficient reaction The development of low-cost and efficient electrocatalysts for reaction ( reaction ) is crucial for the application of hydrogen energy. I Defect-Engineered High-Entropy Alloy (Al–Cu–Fe–Ni–Ti) Unlocks Enhanced reaction Performance This dataset contains DFT inputs, initial and optimized structural models for H adsorption on AlCuFeNiTi High Entropy Alloy models, including quasi-random structural models and Cu-clusteres mo Enhancing the reaction Performance of Bulk Al1.2CrFe2Ni2 High Entropy Alloy Through Deep Cryogenic Treatment Owing to the distinctive physical and chemical characteristics of high entropy alloys (HEAs), their application in electrocatalysis has become a possibility. However, selecting appropriat Dealloying-driven nanospherical architecture in AlYNiPdCoFe high-entropy alloy ribbons: controllable synthesis and mechanistic insights into enhanced reaction Amorphous YNiPdCoFe HEA boosts reaction through synergistic effects, abundant active sites, fast mass/electron transport, and en Stable High-Entropy Alloy AlCoCrFeNi2.1 with Anti-Dealloying Effect for Enhanced reaction Performance The catalytic performance of reaction ( reaction ) catalysts is influenced by their elemental composition. Aluminum (Al) offers abundant active sites due to it reaction Enhancement of Bulk FeCoNiAlMo High-Entropy Alloy through Electrochemical Dealloying in ChCl-EG Deep Eutectic Solvent High-entropy alloys (HEAs), which represent a new type of multielement alloys, have received growing research as potential electrocatalytic oxygen evolu Electrochemical dealloying in ChCl-Urea Deep eutectic solvent: A strategy to fabricate porous FeCoNiAlMo high-entropy alloy with enhanced reaction activity High-entropy alloys (HEAs), as a new type of multi-element alloy, have become widely studied electrocatalytic materials in recent years due to their excellent catalytic pe recious catalysts as Pt substitutes for electrochemical reaction ( reaction ) with superior stability in acidic electrolyte is of critical importance for large-scale, low-cost hydrogen production from water. Herein, we report a CoCrFeNiAl high-entropy alloy (HEA) electrocatalyst with self-supported structure synthesized by mechanical alloying and spark plasma sintering (SPS) consolidation. The HEA after HF treatment and in situ electrochemical activation for 4000 cycles of talysts are prepared and characterized. The surface electronic structure modification due to the addition of a metal is studied experimentally and theoretically using density functional theory calculation. It is demonstrated that sputtered FeNiMoCrAl HEA thin film exhibits reaction performance superior to all the reported HEA catalysts with robust electrocatalytic activity having a low overpotential of 220 mV at 10 mA cm –2 , and excellent electrochemical stability at different constant cur are emerging as promising electrocatalysts due to their distinctive properties. Surface engineering is an efficient strategy for the further advancement of reaction ( reaction ) electrocatalysts. Herein, a maze-like nanoporous CoCrFeNiAl HEA (NPCCF) with fine ligament sizes of ∼17 nm was fabricated using a selective phase dealloying strategy. Compared with commercial thick-ligament porous nickel foam (NF) and as-spun CoCrFeNiAl ribbon, NPCCF, with its nanoscale ligament 3D",0.9247342392837778,0.9956331877729258,0.8133761336743095,0.9563318777292577,0.2927871197836748,0.9912663755458516,0.1678121350880751,0.6397379912663755,0.2791514054911617,0.9519650655021834,0.6096595263686678,0.9388646288209608,0.5753498052290983,0.9541484716157204,0.6211276048696106,0.8646288209606987,0.8280960439043175,0.9213973799126638,0.9126637554585152,13,1,1,R2-007,A00030,https://openalex.org/W7165627377,10.1016/j.electacta.2026.149378,2026-06-23,Electrocatalytic performance of a mechanically alloyed AlCoCuFeNi high-entrop...,AlCoCuFeNi,metallic_hea,Electrocatalytic performance of a mechanically alloyed AlCoCuFeNi high-entrop...,yes,yes,yes,Al-Co-Cu-Fe-Ni,,"Electrocatalytic performance of a mechanically alloyed AlCoCuFeNi high-entropy alloy for oxygen reduction, oxygen evolution and hydrogen evolution reactions in alkaline media",期刊原始研究；标题明确ORR；计入严格命中候选。,complete,https://openalex.org/W7165627377,article,Electrochimica Acta,,True
2025,2026,2028,Ir-Sn,OER,0,,2020,5,3,0,1,148,2,"Exploring the electrocatalytic performance of PdIrSnZnMo high entropy alloy (HEA) towards the reaction in an acidic medium: a theoretically supported approach Synthesis of high-entropy alloy nanoparticles on supports by the fast moving bed pyrolysis Rapid co-reduction synthesis of ultrafine multi-principal element alloy nanocatalysts for efficient reaction Exploring the electrocatalytic performance of PdIrSnZnMo high entropy alloy (HEA) towards the reaction in an acidic medium: a theoretically supported approach The present study highlights the reaction electrocatalytic performance of PdIrSnZnMo HEA with the delivery of a low overpot , and zeolite, which is vital to their practical applications, are largely unexplored. Herein, we present a fast moving bed pyrolysis strategy to immobilize HEA-NPs on granular supports with a narrow size distribution of 2 nm up to denary (MnCoNiCuRhPdSnIrPtAu) HEA-NPs at 923 K. Fast moving bed pyrolysis strategy ensures the mixed metal precursors rapidly and simultaneously pyrolyzed at high temperatures, resulting in nuclei with a small size. The representative quinary (FeCoPdIrPt) HEA-NPs exhibi multi-principal element alloy nanocatalysts for efficient reaction A rapid co-reduction strategy was developed for the synthesis of ultrafine and composition-tunable multi-principal element alloy nanoparticles. The as-synthesized RuPtIrSnCu/C catalyst showed improved reaction performance.",0.7360881859748685,0.9596069868995634,0.9691297892932076,1.0,0.285854919081214,0.9890829694323144,0.1373415426847446,0.5698689956331878,0.2258201204792616,0.9279475982532752,0.4873473868752872,0.7969432314410481,0.6999790872238432,0.982532751091703,0.3962095870263638,0.5982532751091703,1.0,0.9759825327510916,0.8666909267345948,27,1,1,R2-025,A00021,https://openalex.org/W7155828242,10.1021/acsanm.6c00789,2026-04-27,Solvothermal Synthesis of PdIrSnZnMo High-Entropy Alloy and Its Application a...,PdIrSnZnMo,metallic_hea,Solvothermal Synthesis of PdIrSnZnMo High-Entropy Alloy and Its Application a...,yes,yes,yes,Ir-Mo-Pd-Sn-Zn,,Solvothermal Synthesis of PdIrSnZnMo High-Entropy Alloy and Its Application as Oxygen Evolution Reaction Electrocatalysts in Alkaline Media,期刊原始研究；标题明确碱性OER；计入严格命中候选。,complete,https://openalex.org/W7155828242,article,ACS Applied Nano Materials,,True
2025,2026,2028,Pd-Sn,OER,0,,2020,5,2,0,1,148,2,"Exploring the electrocatalytic performance of PdIrSnZnMo high entropy alloy (HEA) towards the reaction in an acidic medium: a theoretically supported approach Synthesis of high-entropy alloy nanoparticles on supports by the fast moving bed pyrolysis Exploring the electrocatalytic performance of PdIrSnZnMo high entropy alloy (HEA) towards the reaction in an acidic medium: a theoretically supported approach The present study highlights the reaction electrocatalytic performance of PdIrSnZnMo HEA with the delivery of a low overpot , and zeolite, which is vital to their practical applications, are largely unexplored. Herein, we present a fast moving bed pyrolysis strategy to immobilize HEA-NPs on granular supports with a narrow size distribution of 2 nm up to denary (MnCoNiCuRhPdSnIrPtAu) HEA-NPs at 923 K. Fast moving bed pyrolysis strategy ensures the mixed metal precursors rapidly and simultaneously pyrolyzed at high temperatures, resulting in nuclei with a small size. The representative quinary (FeCoPdIrPt) HEA-NPs exhibi",0.6066939222191715,0.9246724890829694,0.967714768266755,0.9978165938864628,0.1315754264941884,0.9563318777292577,0.2010753449431198,0.7074235807860262,0.1489346524310682,0.8908296943231441,0.4946226051643511,0.8078602620087336,0.7826177965078492,0.9868995633187772,0.3611967041486689,0.4650655021834061,1.0,0.9759825327510916,0.8569868995633187,31,1,1,R2-025,A00021,https://openalex.org/W7155828242,10.1021/acsanm.6c00789,2026-04-27,Solvothermal Synthesis of PdIrSnZnMo High-Entropy Alloy and Its Application a...,PdIrSnZnMo,metallic_hea,Solvothermal Synthesis of PdIrSnZnMo High-Entropy Alloy and Its Application a...,yes,yes,yes,Ir-Mo-Pd-Sn-Zn,,Solvothermal Synthesis of PdIrSnZnMo High-Entropy Alloy and Its Application as Oxygen Evolution Reaction Electrocatalysts in Alkaline Media,期刊原始研究；标题明确碱性OER；计入严格命中候选。,complete,https://openalex.org/W7155828242,article,ACS Applied Nano Materials,,True
2025,2026,2028,Al-Cu,OER,0,,2023,2,2,2,1,148,2,"Defect-Engineered High-Entropy Alloy (Al–Cu–Fe–Ni–Ti) Unlocks Enhanced reaction Performance Novel high entropy alloy (AgAlCuNiTi) hybridized MoS2/Si nanowires heterostructure with plasmonic enhanced photocatalytic activity Defect-Engineered High-Entropy Alloy (Al–Cu–Fe–Ni–Ti) Unlocks Enhanced reaction Performance This dataset contains DFT inputs, initial and optimized structural models for H adsorption on AlCuFeNiTi High Entropy Alloy models, including quasi-random structural models and Cu-clusteres mo Novel high entropy alloy (AgAlCuNiTi) hybridized MoS2/Si nanowires heterostructure with plasmonic enhanced photocatalytic activity Hydrogen has garnered widespread attention as a pivotal indicator for future sustainable development. Current research aims to utilize clean energy",0.6066939222191715,0.9246724890829694,0.3786357994052082,0.7117903930131004,0.0585574668995412,0.8777292576419214,0.2973726115459241,0.8558951965065502,0.1476407002111067,0.8842794759825328,0.5334479827887408,0.8406113537117904,0.2444292296855552,0.8034934497816594,0.3193396064395366,0.3537117903930131,0.3370853317723827,0.7096069868995634,0.7735322658903444,57,1,1,R2-003,A00029,https://openalex.org/W7165627377,10.1016/j.electacta.2026.149378,2026-06-23,Electrocatalytic performance of a mechanically alloyed AlCoCuFeNi high-entrop...,AlCoCuFeNi,metallic_hea,Electrocatalytic performance of a mechanically alloyed AlCoCuFeNi high-entrop...,yes,yes,yes,Al-Co-Cu-Fe-Ni,,"Electrocatalytic performance of a mechanically alloyed AlCoCuFeNi high-entropy alloy for oxygen reduction, oxygen evolution and hydrogen evolution reactions in alkaline media",期刊原始研究；标题明确OER；计入严格命中候选。,complete,https://openalex.org/W7165627377,article,Electrochimica Acta,,True
2025,2026,2028,Al-Cu,OER,0,,2023,2,2,2,1,148,2,"Defect-Engineered High-Entropy Alloy (Al–Cu–Fe–Ni–Ti) Unlocks Enhanced reaction Performance Novel high entropy alloy (AgAlCuNiTi) hybridized MoS2/Si nanowires heterostructure with plasmonic enhanced photocatalytic activity Defect-Engineered High-Entropy Alloy (Al–Cu–Fe–Ni–Ti) Unlocks Enhanced reaction Performance This dataset contains DFT inputs, initial and optimized structural models for H adsorption on AlCuFeNiTi High Entropy Alloy models, including quasi-random structural models and Cu-clusteres mo Novel high entropy alloy (AgAlCuNiTi) hybridized MoS2/Si nanowires heterostructure with plasmonic enhanced photocatalytic activity Hydrogen has garnered widespread attention as a pivotal indicator for future sustainable development. Current research aims to utilize clean energy",0.6066939222191715,0.9246724890829694,0.3786357994052082,0.7117903930131004,0.0585574668995412,0.8777292576419214,0.2973726115459241,0.8558951965065502,0.1476407002111067,0.8842794759825328,0.5334479827887408,0.8406113537117904,0.2444292296855552,0.8034934497816594,0.3193396064395366,0.3537117903930131,0.3370853317723827,0.7096069868995634,0.7735322658903444,57,1,1,R2-021,A00053,https://openalex.org/W7133935478,10.26599/nr.2026.94908613,2026-03-06,Ultrafast-explosion-driven carbon nanoreactors embedding high-entropy alloy e...,FeCoNiCuAl,metallic_hea,h active-site exposure with desirable lattice and electronic structures remai...,yes,yes,yes,Al-Co-Cu-Fe-Ni,,Ultrafast-explosion-driven carbon nanoreactors embedding high-entropy alloy electrocatalysts for efficient oxygen evolution reaction,期刊原始研究；标题明确OER，摘要确认FeCoNiCuAl HEA纳米颗粒；计入严格命中候选。,complete,https://openalex.org/W7133935478,article,Nano Research,"Abstract High-entropy alloy (HEA) electrocatalysts offer tunable multi-element synergy and intrinsic structural robustness for oxygen evolution reaction (OER), yet integrating high active-site exposure with desirable lattice and electronic structures remains a significant challenge. Here we present an ultrafast thermal explosion strategy for one-step synthesis of carbon-encapsulated nanoreactors uniformly embedding FeCoNiCuAl HEA nanoparticles. Ultrafast heating of metal-chloride-loaded carbon black drives rapid chloride decomposition and gas evolution, inflating the carbon into a hierarchical porous network and inducing the formation and spatial confinement of HEA nanoparticles. This nanoreactor architecture with confined microenvironments maximizes accessible active sites and accelerates mass/charge transport, yielding lower OER overpotentials than commercial RuO2. Its applicabilities in overall water splitting (OWS) and rechargeable Zn-air batteries further confirm the potential for practical energy storage integration. Local structural investigations reveal that the incorporation of Al element could reduce the first-shell coordination number, enhancing the adsorption capacity of the active sites. Density functional theory (DFT) calculations further demonstrate that the synergistic interaction between Al and neighboring metal sites facilitates the efficient OER, and Al-induced modulation of electronic structure lowers the desorption barrier of the *OOH intermediate, thereby accelerating OER kinetics. This explosion-driven nanoreactor strategy provides a general and one-step route to engineer carbon nanoreactors embedding HEA electrocatalysts, opening new avenues for advanced clean energy catalysis and practical device integration.",True
2025,2026,2028,Pd-Zn,OER,0,,2025,0,1,0,1,148,2,Exploring the electrocatalytic performance of PdIrSnZnMo high entropy alloy (HEA) towards the reaction in an acidic medium: a theoretically supported approach Exploring the electrocatalytic performance of PdIrSnZnMo high entropy alloy (HEA) towards the reaction in an acidic medium: a theoretically supported approach The present study highlights the reaction electrocatalytic performance of PdIrSnZnMo HEA with the delivery of a low overpot,0.4011480980077553,0.6703056768558951,0.404392491553705,0.7532751091703057,0.021132016326249,0.7117903930131004,0.3027843684882699,0.8646288209606987,0.1210272480062035,0.8493449781659389,0.444216185426156,0.7489082969432315,0.4319463033517,0.9192139737991266,0.2895576739280618,0.1943231441048035,0.9651668233858792,0.945414847161572,0.7396894711305193,74,1,1,R2-025,A00021,https://openalex.org/W7155828242,10.1021/acsanm.6c00789,2026-04-27,Solvothermal Synthesis of PdIrSnZnMo High-Entropy Alloy and Its Application a...,PdIrSnZnMo,metallic_hea,Solvothermal Synthesis of PdIrSnZnMo High-Entropy Alloy and Its Application a...,yes,yes,yes,Ir-Mo-Pd-Sn-Zn,,Solvothermal Synthesis of PdIrSnZnMo High-Entropy Alloy and Its Application as Oxygen Evolution Reaction Electrocatalysts in Alkaline Media,期刊原始研究；标题明确碱性OER；计入严格命中候选。,complete,https://openalex.org/W7155828242,article,ACS Applied Nano Materials,,True
2025,2026,2028,B-Fe,HER,0,,2024,1,2,1,1,171,2,"FeCoCuMnRuB Nanobox with Dual Driving of High-Entropy and Electron-Trap Effects as the Efficient Electrocatalyst for reaction Enhancing reaction reactions in nanoporous high-entropy catalysts using boron and phosphorus additives FeCoCuMnRuB Nanobox with Dual Driving of High-Entropy and Electron-Trap Effects as the Efficient Electrocatalyst for reaction High-entropy borides hold potential as electrocatalysts for reaction . However, the synthesis of the tailored na noble metals such as Ir or Ru enhances the reaction activity and durability, showing synergistic interactions between metals and light elements. This study used electrochemical evaluations to determine the best-performing catalyst, identifying CoCuFeMoNiIrB as the best catalyst for OERs in alkaline media. X-ray photoemission spectroscopy (XPS) analysis revealed that B effectively shifted the transition elements to higher valence states and induced excess electrons on the Ir-B surface to promo",0.6745729209504274,0.953056768558952,0.5366331334736001,0.8122270742358079,0.0943152026559162,0.9170305676855895,0.0910112886754775,0.408296943231441,0.0872630870976811,0.7467248908296943,0.6053820200484631,0.9279475982532752,0.2153016894041576,0.7751091703056768,0.3277834957003905,0.3646288209606987,0.3611191337174873,0.7358078602620087,0.7378699660359049,77,1,0,R2-018,A00007,https://openalex.org/W7164151575,10.2139/ssrn.6913239,2026-01-01,Magnetron-Sputtered CoFeBMoGeMn High-Entropy Alloy Thin Films for Efficient A...,CoFeBMoGeMn,metallic_hea,Magnetron-Sputtered CoFeBMoGeMn High-Entropy Alloy Thin Films for Efficient A...,yes,yes,yes,B-Co-Fe-Ge-Mn-Mo,,Magnetron-Sputtered CoFeBMoGeMn High-Entropy Alloy Thin Films for Efficient Alkaline Hydrogen Evolution: Influence of Thermal Treatment and Substrate Selection,预印本；标题明确碱性HER；主分析若仅正式期刊则排除。,complete,https://openalex.org/W7164151575,preprint,SSRN Electronic Journal,,False
2025,2026,2028,B-Co,HER,0,,2024,1,2,1,1,171,2,"FeCoCuMnRuB Nanobox with Dual Driving of High-Entropy and Electron-Trap Effects as the Efficient Electrocatalyst for reaction Enhancing reaction reactions in nanoporous high-entropy catalysts using boron and phosphorus additives FeCoCuMnRuB Nanobox with Dual Driving of High-Entropy and Electron-Trap Effects as the Efficient Electrocatalyst for reaction High-entropy borides hold potential as electrocatalysts for reaction . However, the synthesis of the tailored na noble metals such as Ir or Ru enhances the reaction activity and durability, showing synergistic interactions between metals and light elements. This study used electrochemical evaluations to determine the best-performing catalyst, identifying CoCuFeMoNiIrB as the best catalyst for OERs in alkaline media. X-ray photoemission spectroscopy (XPS) analysis revealed that B effectively shifted the transition elements to higher valence states and induced excess electrons on the Ir-B surface to promo",0.6745729209504274,0.953056768558952,0.5366331334736001,0.8122270742358079,0.0943152026559162,0.9170305676855895,0.0889329316752308,0.3973799126637554,0.0681236506224923,0.6768558951965066,0.6053820200484631,0.9279475982532752,0.212962188305435,0.7707423580786026,0.3277834957003905,0.3646288209606987,0.347386590601238,0.7205240174672489,0.7267103347889374,84,1,0,R2-018,A00007,https://openalex.org/W7164151575,10.2139/ssrn.6913239,2026-01-01,Magnetron-Sputtered CoFeBMoGeMn High-Entropy Alloy Thin Films for Efficient A...,CoFeBMoGeMn,metallic_hea,Magnetron-Sputtered CoFeBMoGeMn High-Entropy Alloy Thin Films for Efficient A...,yes,yes,yes,B-Co-Fe-Ge-Mn-Mo,,Magnetron-Sputtered CoFeBMoGeMn High-Entropy Alloy Thin Films for Efficient Alkaline Hydrogen Evolution: Influence of Thermal Treatment and Substrate Selection,预印本；标题明确碱性HER；主分析若仅正式期刊则排除。,complete,https://openalex.org/W7164151575,preprint,SSRN Electronic Journal,,False
2025,2026,2028,B-Mn,HER,0,,2024,1,1,1,1,171,2,"FeCoCuMnRuB Nanobox with Dual Driving of High-Entropy and Electron-Trap Effects as the Efficient Electrocatalyst for reaction FeCoCuMnRuB Nanobox with Dual Driving of High-Entropy and Electron-Trap Effects as the Efficient Electrocatalyst for reaction High-entropy borides hold potential as electrocatalysts for reaction . However, the synthesis of the tailored na",0.4736530488989366,0.8286026200873362,0.525107907095748,0.8034934497816594,0.0575761482568035,0.87117903930131,0.1256781257020204,0.5240174672489083,0.0817569263591354,0.7314410480349345,0.5955619458532743,0.9224890829694324,0.222303906249872,0.7794759825327511,0.2961196504139577,0.3089519650655022,0.3923254733395646,0.7663755458515283,0.7262251334303736,85,1,0,R2-018,A00007,https://openalex.org/W7164151575,10.2139/ssrn.6913239,2026-01-01,Magnetron-Sputtered CoFeBMoGeMn High-Entropy Alloy Thin Films for Efficient A...,CoFeBMoGeMn,metallic_hea,Magnetron-Sputtered CoFeBMoGeMn High-Entropy Alloy Thin Films for Efficient A...,yes,yes,yes,B-Co-Fe-Ge-Mn-Mo,,Magnetron-Sputtered CoFeBMoGeMn High-Entropy Alloy Thin Films for Efficient Alkaline Hydrogen Evolution: Influence of Thermal Treatment and Substrate Selection,预印本；标题明确碱性HER；主分析若仅正式期刊则排除。,complete,https://openalex.org/W7164151575,preprint,SSRN Electronic Journal,,False
2025,2026,2028,B-Mo,HER,0,,2024,1,1,1,1,171,2,"Enhancing reaction reactions in nanoporous high-entropy catalysts using boron and phosphorus additives noble metals such as Ir or Ru enhances the reaction activity and durability, showing synergistic interactions between metals and light elements. This study used electrochemical evaluations to determine the best-performing catalyst, identifying CoCuFeMoNiIrB as the best catalyst for OERs in alkaline media. X-ray photoemission spectroscopy (XPS) analysis revealed that B effectively shifted the transition elements to higher valence states and induced excess electrons on the Ir-B surface to promo",0.4736530488989366,0.8286026200873362,0.525107907095748,0.8034934497816594,0.0575761482568035,0.87117903930131,0.1994840234138961,0.7008733624454149,0.0854304809014077,0.7445414847161572,0.6072219058056252,0.9344978165938864,0.1279900818255617,0.6572052401746725,0.2920911249371531,0.2467248908296943,0.3229531870082116,0.7030567685589519,0.7211305191654537,92,1,0,R2-018,A00007,https://openalex.org/W7164151575,10.2139/ssrn.6913239,2026-01-01,Magnetron-Sputtered CoFeBMoGeMn High-Entropy Alloy Thin Films for Efficient A...,CoFeBMoGeMn,metallic_hea,Magnetron-Sputtered CoFeBMoGeMn High-Entropy Alloy Thin Films for Efficient A...,yes,yes,yes,B-Co-Fe-Ge-Mn-Mo,,Magnetron-Sputtered CoFeBMoGeMn High-Entropy Alloy Thin Films for Efficient Alkaline Hydrogen Evolution: Influence of Thermal Treatment and Substrate Selection,预印本；标题明确碱性HER；主分析若仅正式期刊则排除。,complete,https://openalex.org/W7164151575,preprint,SSRN Electronic Journal,,False
2025,2026,2028,Mn-Sn,OER,0,,2020,5,1,5,1,148,2,"Synthesis of high-entropy alloy nanoparticles on supports by the fast moving bed pyrolysis , and zeolite, which is vital to their practical applications, are largely unexplored. Herein, we present a fast moving bed pyrolysis strategy to immobilize HEA-NPs on granular supports with a narrow size distribution of 2 nm up to denary (MnCoNiCuRhPdSnIrPtAu) HEA-NPs at 923 K. Fast moving bed pyrolysis strategy ensures the mixed metal precursors rapidly and simultaneously pyrolyzed at high temperatures, resulting in nuclei with a small size. The representative quinary (FeCoPdIrPt) HEA-NPs exhibi",0.4011480980077553,0.6703056768558951,0.3157741081580199,0.6779475982532751,0.0531717158780689,0.8591703056768559,0.2484681075669292,0.7903930131004366,0.1340465040466759,0.8777292576419214,0.5155417182636416,0.8220524017467249,0.0840581507632958,0.5807860262008734,0.3443881291053381,0.4268558951965066,0.232598554173373,0.6419213973799127,0.7052401746724892,106,1,1,R2-016,A00026,https://openalex.org/W7162851390,10.1016/j.fuel.2026.140050,2026-05-30,NiFeCoMnSn High-Entropy Alloy Coupled with Graphene Oxide: A Oxygen Evolution...,NiFeCoMnSn,metallic_hea,NiFeCoMnSn High-Entropy Alloy Coupled with Graphene Oxide: A Oxygen Evolution...,yes,yes,yes,Co-Fe-Mn-Ni-Sn,,NiFeCoMnSn High-Entropy Alloy Coupled with Graphene Oxide: A Oxygen Evolution Electrocatalyst,期刊原始研究；标题明确OER；计入严格命中候选。,complete,https://openalex.org/W7162851390,article,Fuel,,True
2025,2026,2028,Ni-Ta,OER,0,,2025,0,1,0,1,148,2,"The synergistic effect in a CoNiTaRuMn high-entropy alloy regulates Ru valence state for efficient reaction The synergistic effect in a CoNiTaRuMn high-entropy alloy regulates Ru valence state for efficient reaction A strategy leveraging CoNiTaRuMn HEA element synergies promotes Ru hydroxylation (Ru 0 to Ru 4+ ), highlighting HEA valence – state regulation, providing active",0.4011480980077553,0.6703056768558951,0.404392491553705,0.7532751091703057,0.021132016326249,0.7117903930131004,0.222642695616237,0.7554585152838428,0.0838846256616273,0.74235807860262,0.4052407876330179,0.6735807860262009,0.3022826296373606,0.8580786026200873,0.2405504320854861,0.0229257641921397,0.5331092759723095,0.8318777292576419,0.6688500727802037,131,1,1,R2-020,A00010,https://openalex.org/W7124347915,10.1016/j.jallcom.2026.186181,2026-01-15,High-entropy alloy TaNiFeCoZn: Activating lattice oxygen-mediated mechanism f...,TaNiFeCoZn,metallic_hea,High-entropy alloy TaNiFeCoZn: Activating lattice oxygen-mediated mechanism f...,yes,yes,yes,Co-Fe-Ni-Ta-Zn,,High-entropy alloy TaNiFeCoZn: Activating lattice oxygen-mediated mechanism for efficient oxygen evolution reaction,期刊原始研究；标题明确OER；计入严格命中候选。,complete,https://openalex.org/W7124347915,article,Journal of Alloys and Compounds,,True
2025,2026,2028,Mo-Sn,OER,0,,2025,0,1,0,1,148,2,Exploring the electrocatalytic performance of PdIrSnZnMo high entropy alloy (HEA) towards the reaction in an acidic medium: a theoretically supported approach Exploring the electrocatalytic performance of PdIrSnZnMo high entropy alloy (HEA) towards the reaction in an acidic medium: a theoretically supported approach The present study highlights the reaction electrocatalytic performance of PdIrSnZnMo HEA with the delivery of a low overpot,0.4011480980077553,0.6703056768558951,0.404392491553705,0.7532751091703057,0.021132016326249,0.7117903930131004,0.2118946677548037,0.7248908296943232,0.1141020066885837,0.8296943231441049,0.444216185426156,0.7489082969432315,0.1230424227445653,0.6462882096069869,0.2895576739280618,0.1943231441048035,0.3090608052481708,0.6943231441048034,0.6637554585152838,134,1,1,R2-025,A00021,https://openalex.org/W7155828242,10.1021/acsanm.6c00789,2026-04-27,Solvothermal Synthesis of PdIrSnZnMo High-Entropy Alloy and Its Application a...,PdIrSnZnMo,metallic_hea,Solvothermal Synthesis of PdIrSnZnMo High-Entropy Alloy and Its Application a...,yes,yes,yes,Ir-Mo-Pd-Sn-Zn,,Solvothermal Synthesis of PdIrSnZnMo High-Entropy Alloy and Its Application as Oxygen Evolution Reaction Electrocatalysts in Alkaline Media,期刊原始研究；标题明确碱性OER；计入严格命中候选。,complete,https://openalex.org/W7155828242,article,ACS Applied Nano Materials,,True
2025,2026,2028,Ce-Pt,ORR,0,,2024,1,1,1,2,101,2,"Stimulating Electron Delocalization of Lanthanide Elements through High-Entropy Confinement to Promote Electrocatalytic Water Splitting the delocalization of 4f electrons can be achieved through the interaction between the multimetal active site and RE, which benefits to regulate the adsorption strength of the HEA surface. Herein, the RE Ce-modified hexagonal-close-packed PtRuFeCoNiZn-Ce/C HEAs are synthesized and showed an excellent electrocatalytic activity for reaction and reaction with ultralow overpotentials of 4, 7 and 156, 132 mV, respectively, to reach 10 mA cm –2 in 0.5 M H 2 SO",0.235181806926441,0.5163755458515283,0.0568315853842005,0.4148471615720524,0.0228595647323737,0.7751091703056768,0.1864962878104213,0.6790393013100436,0.1161484648987957,0.8384279475982532,0.4582412600061117,0.7860262008733624,0.0878622662612532,0.5895196506550219,0.5219001922434335,0.7510917030567685,0.0927995385196455,0.4868995633187773,0.6485929160601649,149,1,1,R2-001,A00083,https://openalex.org/W7204934427,10.1016/j.jechem.2026.08.055,2026-09-01,Ordered Pt5LaCeGdTb high-entropy alloy: tunable atomic mobility boosts proton...,Pt5LaCeGdTb,metallic_hea,Ordered Pt5LaCeGdTb high-entropy alloy: tunable atomic mobility boosts proton...,yes,yes,yes,Ce-Gd-La-Pt-Tb,,Ordered Pt5LaCeGdTb high-entropy alloy: tunable atomic mobility boosts proton exchange membrane fuel cells,期刊原始研究；标题明确HEA和PEM燃料电池，摘要提及酸性ORR；计入严格命中候选。,complete,https://openalex.org/W7204934427,article,Journal of Energy Chemistry,"High-entropy alloys (HEAs) have emerged as efficient electrocatalysts for the acidic oxygen reduction reaction (ORR). However, research on ordered HEAs remains limited, and the role of atomic mobility in catalytic performance is not fully understood. Here, a series of Pt 5 LaCeGdTb HEA nanoparticles with tunable atomic mobility were prepared via Joule thermal shock. We unravel the mechanism of the transformation from high to low atomic mobility in HEA nanoparticles at the single-particle level. The electrocatalytic performance is closely correlated with crystalline and electronic structures. Lowering atomic mobility significantly enhances electrocatalytic activity. The highly ordered Pt 5 LaCeGdTb (H-Pt 5 LaCeGdTb) exhibits a half-wave potential of 0.94 V in acidic ORR, a mass activity (MA) 13-fold higher than commercial Pt/C and a specific activity 8.3-fold higher. After 30k cycles of accelerated durability tests, the MA retention remains at 94.1%. Notably, the H-Pt 5 LaCeGdTb catalyst with low Pt loading exhibited superior Pt efficiency in proton exchange membrane fuel cells at elevated temperature compared to Pt/C. This order-dependent structure-performance relationship provides critical insights for the rational design of ordered HEAs catalysts.",True
2025,2026,2028,Ni-Sn,OER,0,,2020,5,1,5,1,148,2,"Synthesis of high-entropy alloy nanoparticles on supports by the fast moving bed pyrolysis , and zeolite, which is vital to their practical applications, are largely unexplored. Herein, we present a fast moving bed pyrolysis strategy to immobilize HEA-NPs on granular supports with a narrow size distribution of 2 nm up to denary (MnCoNiCuRhPdSnIrPtAu) HEA-NPs at 923 K. Fast moving bed pyrolysis strategy ensures the mixed metal precursors rapidly and simultaneously pyrolyzed at high temperatures, resulting in nuclei with a small size. The representative quinary (FeCoPdIrPt) HEA-NPs exhibi",0.4011480980077553,0.6703056768558951,0.3157741081580199,0.6779475982532751,0.0531717158780689,0.8591703056768559,0.1165411651969083,0.4956331877729257,0.0258389522777966,0.3799126637554585,0.5155417182636416,0.8220524017467249,0.1083999282970236,0.6200873362445415,0.3443881291053381,0.4268558951965066,0.4435140414416957,0.8013100436681223,0.6392527899078119,154,1,1,R2-016,A00026,https://openalex.org/W7162851390,10.1016/j.fuel.2026.140050,2026-05-30,NiFeCoMnSn High-Entropy Alloy Coupled with Graphene Oxide: A Oxygen Evolution...,NiFeCoMnSn,metallic_hea,NiFeCoMnSn High-Entropy Alloy Coupled with Graphene Oxide: A Oxygen Evolution...,yes,yes,yes,Co-Fe-Mn-Ni-Sn,,NiFeCoMnSn High-Entropy Alloy Coupled with Graphene Oxide: A Oxygen Evolution Electrocatalyst,期刊原始研究；标题明确OER；计入严格命中候选。,complete,https://openalex.org/W7162851390,article,Fuel,,True
2025,2026,2028,Co-Ta,OER,0,,2025,0,1,0,1,148,2,"The synergistic effect in a CoNiTaRuMn high-entropy alloy regulates Ru valence state for efficient reaction The synergistic effect in a CoNiTaRuMn high-entropy alloy regulates Ru valence state for efficient reaction A strategy leveraging CoNiTaRuMn HEA element synergies promotes Ru hydroxylation (Ru 0 to Ru 4+ ), highlighting HEA valence – state regulation, providing active",0.4011480980077553,0.6703056768558951,0.404392491553705,0.7532751091703057,0.021132016326249,0.7117903930131004,0.2123413210143541,0.7270742358078602,0.0682631113674199,0.6790393013100436,0.4052407876330179,0.6735807860262009,0.113689415992659,0.6266375545851528,0.2405504320854861,0.0229257641921397,0.2170530425292937,0.6353711790393013,0.6111111111111112,180,1,1,R2-020,A00010,https://openalex.org/W7124347915,10.1016/j.jallcom.2026.186181,2026-01-15,High-entropy alloy TaNiFeCoZn: Activating lattice oxygen-mediated mechanism f...,TaNiFeCoZn,metallic_hea,High-entropy alloy TaNiFeCoZn: Activating lattice oxygen-mediated mechanism f...,yes,yes,yes,Co-Fe-Ni-Ta-Zn,,High-entropy alloy TaNiFeCoZn: Activating lattice oxygen-mediated mechanism for efficient oxygen evolution reaction,期刊原始研究；标题明确OER；计入严格命中候选。,complete,https://openalex.org/W7124347915,article,Journal of Alloys and Compounds,,True
2025,2026,2028,Sn-Zn,OER,0,,2025,0,1,0,1,148,2,Exploring the electrocatalytic performance of PdIrSnZnMo high entropy alloy (HEA) towards the reaction in an acidic medium: a theoretically supported approach Exploring the electrocatalytic performance of PdIrSnZnMo high entropy alloy (HEA) towards the reaction in an acidic medium: a theoretically supported approach The present study highlights the reaction electrocatalytic performance of PdIrSnZnMo HEA with the delivery of a low overpot,0.4011480980077553,0.6703056768558951,0.404392491553705,0.7532751091703057,0.021132016326249,0.7117903930131004,0.0991930032582044,0.4344978165938865,0.0364740320948327,0.4803493449781659,0.444216185426156,0.7489082969432315,0.1450933328062472,0.6790393013100436,0.2895576739280618,0.1943231441048035,0.4526797347618118,0.8122270742358079,0.6094129063561379,181,1,1,R2-025,A00021,https://openalex.org/W7155828242,10.1021/acsanm.6c00789,2026-04-27,Solvothermal Synthesis of PdIrSnZnMo High-Entropy Alloy and Its Application a...,PdIrSnZnMo,metallic_hea,Solvothermal Synthesis of PdIrSnZnMo High-Entropy Alloy and Its Application a...,yes,yes,yes,Ir-Mo-Pd-Sn-Zn,,Solvothermal Synthesis of PdIrSnZnMo High-Entropy Alloy and Its Application as Oxygen Evolution Reaction Electrocatalysts in Alkaline Media,期刊原始研究；标题明确碱性OER；计入严格命中候选。,complete,https://openalex.org/W7155828242,article,ACS Applied Nano Materials,,True
2025,2026,2028,Co-Sn,OER,0,,2020,5,1,5,1,148,2,"Synthesis of high-entropy alloy nanoparticles on supports by the fast moving bed pyrolysis , and zeolite, which is vital to their practical applications, are largely unexplored. Herein, we present a fast moving bed pyrolysis strategy to immobilize HEA-NPs on granular supports with a narrow size distribution of 2 nm up to denary (MnCoNiCuRhPdSnIrPtAu) HEA-NPs at 923 K. Fast moving bed pyrolysis strategy ensures the mixed metal precursors rapidly and simultaneously pyrolyzed at high temperatures, resulting in nuclei with a small size. The representative quinary (FeCoPdIrPt) HEA-NPs exhibi",0.4011480980077553,0.6703056768558951,0.3157741081580199,0.6779475982532751,0.0531717158780689,0.8591703056768559,0.094608842148153,0.4148471615720524,0.0371541364675482,0.4912663755458515,0.5155417182636416,0.8220524017467249,0.0447573057189157,0.4585152838427948,0.3443881291053381,0.4268558951965066,0.1808562994376382,0.5982532751091703,0.6021348859776808,185,1,1,R2-016,A00026,https://openalex.org/W7162851390,10.1016/j.fuel.2026.140050,2026-05-30,NiFeCoMnSn High-Entropy Alloy Coupled with Graphene Oxide: A Oxygen Evolution...,NiFeCoMnSn,metallic_hea,NiFeCoMnSn High-Entropy Alloy Coupled with Graphene Oxide: A Oxygen Evolution...,yes,yes,yes,Co-Fe-Mn-Ni-Sn,,NiFeCoMnSn High-Entropy Alloy Coupled with Graphene Oxide: A Oxygen Evolution Electrocatalyst,期刊原始研究；标题明确OER；计入严格命中候选。,complete,https://openalex.org/W7162851390,article,Fuel,,True
2025,2026,2028,Al-Cu,ORR,0,,2023,2,2,2,1,101,2,"Defect-Engineered High-Entropy Alloy (Al–Cu–Fe–Ni–Ti) Unlocks Enhanced reaction Performance Novel high entropy alloy (AgAlCuNiTi) hybridized MoS2/Si nanowires heterostructure with plasmonic enhanced photocatalytic activity Defect-Engineered High-Entropy Alloy (Al–Cu–Fe–Ni–Ti) Unlocks Enhanced reaction Performance This dataset contains DFT inputs, initial and optimized structural models for H adsorption on AlCuFeNiTi High Entropy Alloy models, including quasi-random structural models and Cu-clusteres mo Novel high entropy alloy (AgAlCuNiTi) hybridized MoS2/Si nanowires heterostructure with plasmonic enhanced photocatalytic activity Hydrogen has garnered widespread attention as a pivotal indicator for future sustainable development. Current research aims to utilize clean energy",0.4143004956431883,0.7489082969432315,0.1846728316899318,0.5458515283842795,0.0171414309257577,0.5633187772925764,0.2301298600621933,0.7707423580786026,0.0428216763750009,0.517467248908297,0.269202748611563,0.6179039301310044,0.1219012408417443,0.6397379912663755,0.3193396051024215,0.3493449781659388,0.1523824138229442,0.5676855895196506,0.5912178554099952,189,1,1,R2-007,A00030,https://openalex.org/W7165627377,10.1016/j.electacta.2026.149378,2026-06-23,Electrocatalytic performance of a mechanically alloyed AlCoCuFeNi high-entrop...,AlCoCuFeNi,metallic_hea,Electrocatalytic performance of a mechanically alloyed AlCoCuFeNi high-entrop...,yes,yes,yes,Al-Co-Cu-Fe-Ni,,"Electrocatalytic performance of a mechanically alloyed AlCoCuFeNi high-entropy alloy for oxygen reduction, oxygen evolution and hydrogen evolution reactions in alkaline media",期刊原始研究；标题明确ORR；计入严格命中候选。,complete,https://openalex.org/W7165627377,article,Electrochimica Acta,,True
2025,2026,2028,Cu-Pd,CO2RR,0,,2020,5,12,0,3,6,2,"A hollow PdCuMoNiCo high-entropy alloy as an efficient bi-functional electrocatalyst for reaction and formic acid oxidation IrPdCuFeNiCoMo Based Core‐Shell Icosahedron Nanocrystals and Nanocages for Efficient and Robust Acidic reaction FeCoNiCuAuPtPd High-Entropy Alloy Nanoclusters for Superior reaction Electrocatalysis Synthesis of high-entropy alloy nanoparticles on supports by the fast moving bed pyrolysis Synthesis of monodisperse high entropy alloy nanocatalysts from core@shell nanoparticles Quinary, Senary, and Septenary High Entropy Alloy Nanoparticle Catalysts from Core@Shell Nanoparticles and the Significance of Intraparticle Heterogeneity Synthesis of high-entropy alloy nanoparticles using microwave-assisted reduction and investigation of their enhanced electrochemical reaction activity Synthesizing Pd-based high entropy alloy nanoclusters for enhanced reaction An efficient and stable high-entropy alloy electrocatalyst for reaction Design of Experiment Is All You Need: Utilizing AI for High-Entropy Alloy Water Splitting Catalyst A Radical-Assisted Approach to High-Entropy Alloy Nanoparticle Electrocatalysts under Ambient Conditions High-Temperature Synthesis of High-Entropy Alloy PtPd_CoNiCu Nanoparticles as a Catalyst for the reaction A hollow PdCuMoNiCo high-entropy alloy as an efficient bi-functional electrocatalyst for reaction and formic acid oxidation A hollow PdCuMoNiCo high-entropy alloy on carbon hybrid was developed as a high-performance bi-functional electrocatalyst for t IrPdCuFeNiCoMo Based Core‐Shell Icosahedron Nanocrystals and Nanocages for Efficient and Robust Acidic reaction Abstract Facets engineering of high entropy alloy (HEA) nanocrystals might be achieved via shape‐controlled synthesis, which is promis , and zeolite, which is vital to their practical applications, are largely unexplored. Herein, we present a fast moving bed pyrolysis strategy to immobilize HEA-NPs on granular supports with a narrow size distribution of 2 nm up to denary (MnCoNiCuRhPdSnIrPtAu) HEA-NPs at 923 K. Fast moving bed pyrolysis strategy ensures the mixed metal precursors rapidly and simultaneously pyrolyzed at high temperatures, resulting in nuclei with a small size. The representative quinary (FeCoPdIrPt) HEA-NPs exhibi ty HEA NPs was demonstrated by preparing PdCu@PtNiCo NPs via seed-mediated co-reduction, wherein Pt, Ni, and Co were co-deposited on PdCu seeds in solution. These multimetallic NPs were then converted to single-crystalline and single-phase PdCuPtNiCo NPs through annealing. On account of their small particle size, highly dispersed Pt/Pd content, and low elemental diffusivity, these HEA NPs were found to be a highly efficient and durable catalyst for the reaction . They w mistic simulations. The quinary HEA NPs were found to be durable catalysts for the reaction , with all but the PdCuPtNiIr NPs presenting better activities than commercial Pt. Density functional theory (DFT) calculations for PdCuPtNiCo and PdCuPtNiIr surfaces (the two extremes in performance) found agreement with experiment by weighting the adsorption energy contributions by the probabilities of each active site based on their DFT energies. This finding highlights how in en mixing. Herein, HEA nanoparticles (NPs) containing Fe, Co, Ni, Cu, and Pd were successfully synthesized on reduced graphene oxide (rGO) by microwave-assisted reduction. Compared with the corresponding monometallic catalysts, the quinary FeCoNiCuPd/rGO demonstrated greater electrocatalytic activity toward the acidic reaction . Density functional theory calculations revealed that modification of the d-band center and the hydrogen affinity induced by multielemental mi Synthesizing Pd-based high entropy alloy nanoclusters for enhanced reaction rapid Joule heating. The quinary PdMnFeCuNi clusters exhibit 4.95 times higher mass activity than the Commercial Pt/C for the reaction , and outstanding stability with only 2 mV decay in the half-wave potential after 20 000 cycles of testing. ed reaction ( reaction ) activity in water electrolysis, yet the understanding of their structure and active sites in reaction environments remains unclear. Here, we systematically investigated the reaction activity and stability of PtPdRhRuCu/C through a combination of electrochemical measurements, in situ synchrotron radiation X-ray absorption spectroscopy (XAS) at the Cu K -edge and Pt L 3 -edge, and density functional theory (DFT) calculations. Uniformly sized PtPdRhRuCu HEA nt is reduced from 32 to 16. Among these combinations, ABCE was found to be optimal synthesis condition (fig.1b). Afterward, we searched the optimal composition of HEAs, starting with grid searching the six-dimensional compositional field. MnFeCoNiCuMoPdPt - octonary alloy was the targeted alloy where the compositions of noble metal were fixed. Binomial distribution design was used to make the distance between neighboring points in 6-dimension compositional space equal (fig. 1c-d). 8C3 = 56 ient conditions. These isopropanol radicals verified by electron paramagnetic resonance spectroscopy impose very large overpotentials to reduce diverse metal ions into HEA nanoparticles with five to seven different elements. Specially, the PtPdIrRhAuAgCu HEA nanoparticles on a reduced electrochemical graphene oxide (rEGO) support (PtPdIrRhAuAgCu-rEGO) demonstrate superior activity for the reaction ( reaction ) across the entire pH range, with very small overpotentials of 11, 30 High-Temperature Synthesis of High-Entropy Alloy PtPd_CoNiCu Nanoparticles as a Catalyst for the reaction The aim of this work was high-temperature synthesis of PtPdCoNiCu/C nanoparticles with high-entropy alloy (HEA) structure as catalysts for reaction . The materials were synthesized using a highly dispersed PtPd/C support, which was impregnated with Cu, Ni, and Co precursors followed by th",0.055614358156725,0.3930131004366812,0.0223089111816973,0.334061135371179,0.0073839388131905,0.4410480349344978,0.0665026791249761,0.3122270742358078,0.0182679793126205,0.2925764192139738,0.1218338657598479,0.4235807860262008,0.0165801374306322,0.3624454148471616,0.740488849130283,0.9213973799126638,0.0130106330204255,0.2838427947598253,0.418243571081999,289,1,1,R2-002,A00048,https://openalex.org/W7125903532,10.1021/acsaem.5c03438,2026-01-28,Cu-Rich High-Entropy Alloy Aerogels for Efficient Carbon Dioxide Reduction,CuBiInZnPd,metallic_hea,ed as promising catalysts that combine multimetallic synergy and surface unsa...,yes,yes,yes,Bi-Cu-In-Pd-Zn,,Cu-Rich High-Entropy Alloy Aerogels for Efficient Carbon Dioxide Reduction,期刊原始研究；标题明确CO2RR和HEA气凝胶；计入严格命中候选。,complete,https://openalex.org/W7125903532,article,ACS Applied Energy Materials,"High-entropy alloy aerogels (HEAAs) have emerged as promising catalysts that combine multimetallic synergy and surface unsaturated sites for renewable energy conversion, yet the development of efficient and low-cost HEAAs remains challenging. In this study, for the first time, Cu-rich CuBiInZnPd HEAAs were prepared as efficient electrocatalysts for the carbon dioxide reduction reaction (CO 2 RR). Compared with low-entropy counterparts such as CuPd metallic aerogels (MAs) and Cu MAs, the CuBiInZnPd HEAAs possess a higher Faradaic efficiency for formate of 94.7% at −1.0 V versus the reversible hydrogen electrode during the CO 2 RR. Moreover, CuBiInZnPd HEAAs demonstrate excellent operational stability, maintaining nearly constant current density over 20 h. Mechanism research indicates that the multimetallic synergy and surface unsaturated sites in CuBiInZnPd HEAAs influence the surface electronic structure of Cu and the adsorption of reaction intermediates, consistent with the observed CO 2 RR performance. This work provides a new approach for the functionalization of HEAAs and offers new ideas for the design of low-cost CO 2 RR electrocatalysts.",True
2025,2026,2028,Cu-In,CO2RR,0,,2025,0,1,0,1,6,2,"High-Entropy Alloy Electron-Penetrated Nitrogen-Doped Carbon Interface Breaking Activity–Stability Trade-off in Acidic reaction to H2O2 n activity–stability trade-off. Herein, we propose to construct a high-entropy alloy electron-penetrated and stable nitrogen-doped carbon interface for acidic electrosynthesis of H 2 O 2 . As a proof of concept, a typical catalyst with the MoNiCuCoIn high-entropy alloy encapsulated in few-layer nitrogen-doped carbon (MoNiCuCoIn@CN) is developed. The experimental results and theoretical calculations confirm that the MoNiCuCoIn core activates the outer carbon layer via interfacial electr",0.0013948175696277,0.1026200873362445,0.004867187374081,0.2019650655021834,0.0002916661478258,0.0927947598253275,0.037838877760832,0.1572052401746725,0.0301234517717817,0.4301310043668122,0.0096336676966491,0.195414847161572,0.0042713931162634,0.1812227074235808,0.3437284462320315,0.3875545851528384,0.0021355409791261,0.0698689956331877,0.2020863658418243,383,1,1,R2-002,A00048,https://openalex.org/W7125903532,10.1021/acsaem.5c03438,2026-01-28,Cu-Rich High-Entropy Alloy Aerogels for Efficient Carbon Dioxide Reduction,CuBiInZnPd,metallic_hea,ed as promising catalysts that combine multimetallic synergy and surface unsa...,yes,yes,yes,Bi-Cu-In-Pd-Zn,,Cu-Rich High-Entropy Alloy Aerogels for Efficient Carbon Dioxide Reduction,期刊原始研究；标题明确CO2RR和HEA气凝胶；计入严格命中候选。,complete,https://openalex.org/W7125903532,article,ACS Applied Energy Materials,"High-entropy alloy aerogels (HEAAs) have emerged as promising catalysts that combine multimetallic synergy and surface unsaturated sites for renewable energy conversion, yet the development of efficient and low-cost HEAAs remains challenging. In this study, for the first time, Cu-rich CuBiInZnPd HEAAs were prepared as efficient electrocatalysts for the carbon dioxide reduction reaction (CO 2 RR). Compared with low-entropy counterparts such as CuPd metallic aerogels (MAs) and Cu MAs, the CuBiInZnPd HEAAs possess a higher Faradaic efficiency for formate of 94.7% at −1.0 V versus the reversible hydrogen electrode during the CO 2 RR. Moreover, CuBiInZnPd HEAAs demonstrate excellent operational stability, maintaining nearly constant current density over 20 h. Mechanism research indicates that the multimetallic synergy and surface unsaturated sites in CuBiInZnPd HEAAs influence the surface electronic structure of Cu and the adsorption of reaction intermediates, consistent with the observed CO 2 RR performance. This work provides a new approach for the functionalization of HEAAs and offers new ideas for the design of low-cost CO 2 RR electrocatalysts.",True
2025,2026,2028,Pd-Zn,CO2RR,0,,2025,0,1,0,1,6,2,Exploring the electrocatalytic performance of PdIrSnZnMo high entropy alloy (HEA) towards the reaction in an acidic medium: a theoretically supported approach Exploring the electrocatalytic performance of PdIrSnZnMo high entropy alloy (HEA) towards the reaction in an acidic medium: a theoretically supported approach The present study highlights the reaction electrocatalytic performance of PdIrSnZnMo HEA with the delivery of a low overpot,0.0013948175696277,0.1026200873362445,0.004867187374081,0.2019650655021834,0.0002916661478258,0.0927947598253275,0.0313421915219921,0.1157205240174672,0.0037119862139617,0.0698689956331877,0.0060215514344979,0.0895196506550218,0.0137523945194267,0.3275109170305676,0.2895576738771055,0.1877729257641921,0.0368744491279851,0.3864628820960699,0.1749150897622513,390,1,1,R2-002,A00048,https://openalex.org/W7125903532,10.1021/acsaem.5c03438,2026-01-28,Cu-Rich High-Entropy Alloy Aerogels for Efficient Carbon Dioxide Reduction,CuBiInZnPd,metallic_hea,ed as promising catalysts that combine multimetallic synergy and surface unsa...,yes,yes,yes,Bi-Cu-In-Pd-Zn,,Cu-Rich High-Entropy Alloy Aerogels for Efficient Carbon Dioxide Reduction,期刊原始研究；标题明确CO2RR和HEA气凝胶；计入严格命中候选。,complete,https://openalex.org/W7125903532,article,ACS Applied Energy Materials,"High-entropy alloy aerogels (HEAAs) have emerged as promising catalysts that combine multimetallic synergy and surface unsaturated sites for renewable energy conversion, yet the development of efficient and low-cost HEAAs remains challenging. In this study, for the first time, Cu-rich CuBiInZnPd HEAAs were prepared as efficient electrocatalysts for the carbon dioxide reduction reaction (CO 2 RR). Compared with low-entropy counterparts such as CuPd metallic aerogels (MAs) and Cu MAs, the CuBiInZnPd HEAAs possess a higher Faradaic efficiency for formate of 94.7% at −1.0 V versus the reversible hydrogen electrode during the CO 2 RR. Moreover, CuBiInZnPd HEAAs demonstrate excellent operational stability, maintaining nearly constant current density over 20 h. Mechanism research indicates that the multimetallic synergy and surface unsaturated sites in CuBiInZnPd HEAAs influence the surface electronic structure of Cu and the adsorption of reaction intermediates, consistent with the observed CO 2 RR performance. This work provides a new approach for the functionalization of HEAAs and offers new ideas for the design of low-cost CO 2 RR electrocatalysts.",True
2025,2026,2028,In-Pd,CO2RR,0,,2022,3,1,3,1,6,2,"High-Entropy Alloy Nanosheets for Fine-Tuning reaction electrolyzers. Tuning the hydrogen binding energy (HBE) of materials is an effective way to optimize the reaction electrocatalysts, particularly for applications in an acidic environment. Here, we report the discovery of a Pt-free combination, PdMoGaInNi, which has the HBE optimum, via computer-facilitated screening. As the exploratory example of the two-dimensional high-entropy alloy (HEA) for reaction , the PdMoGaInNi HEA nanosheets were synthesized to realize the predicted Pt-free combination",0.0013948175696277,0.1026200873362445,0.0038647001655494,0.0884279475982532,0.0002277005420207,0.0229257641921397,0.0358341582166371,0.1441048034934497,0.0154044455199781,0.2729257641921397,0.0072786399123156,0.1495633187772925,0.0038226961909339,0.168122270742358,0.3627423580462118,0.4792576419213973,0.0017260281920881,0.0502183406113537,0.1642406598738476,393,1,1,R2-002,A00048,https://openalex.org/W7125903532,10.1021/acsaem.5c03438,2026-01-28,Cu-Rich High-Entropy Alloy Aerogels for Efficient Carbon Dioxide Reduction,CuBiInZnPd,metallic_hea,ed as promising catalysts that combine multimetallic synergy and surface unsa...,yes,yes,yes,Bi-Cu-In-Pd-Zn,,Cu-Rich High-Entropy Alloy Aerogels for Efficient Carbon Dioxide Reduction,期刊原始研究；标题明确CO2RR和HEA气凝胶；计入严格命中候选。,complete,https://openalex.org/W7125903532,article,ACS Applied Energy Materials,"High-entropy alloy aerogels (HEAAs) have emerged as promising catalysts that combine multimetallic synergy and surface unsaturated sites for renewable energy conversion, yet the development of efficient and low-cost HEAAs remains challenging. In this study, for the first time, Cu-rich CuBiInZnPd HEAAs were prepared as efficient electrocatalysts for the carbon dioxide reduction reaction (CO 2 RR). Compared with low-entropy counterparts such as CuPd metallic aerogels (MAs) and Cu MAs, the CuBiInZnPd HEAAs possess a higher Faradaic efficiency for formate of 94.7% at −1.0 V versus the reversible hydrogen electrode during the CO 2 RR. Moreover, CuBiInZnPd HEAAs demonstrate excellent operational stability, maintaining nearly constant current density over 20 h. Mechanism research indicates that the multimetallic synergy and surface unsaturated sites in CuBiInZnPd HEAAs influence the surface electronic structure of Cu and the adsorption of reaction intermediates, consistent with the observed CO 2 RR performance. This work provides a new approach for the functionalization of HEAAs and offers new ideas for the design of low-cost CO 2 RR electrocatalysts.",True
