paper_id,doi,publication_date,system_id,reaction_id,material_class,annotation_id
https://openalex.org/W2945222601,10.1016/j.jpowsour.2019.05.030,2019-05-16,Co-Fe-Mn-Ni,OER,metallic_hea,A00001
https://openalex.org/W3020204536,10.1038/s41467-020-15934-1,2020-04-24,Au-Co-Cu-Ir-Mn-Ni-Pd-Pt-Rh-Sn,HER,metallic_hea,A00097
https://openalex.org/W3020204536,10.1038/s41467-020-15934-1,2020-04-24,Co-Fe-Ir-Pd-Pt,HER,metallic_hea,A00098
https://openalex.org/W3043361947,10.1016/j.jmat.2020.06.001,2020-07-14,Al-Co-Cr-Fe-Ni,HER,metallic_hea,A00099
https://openalex.org/W3107382008,10.1021/acsmaterialslett.0c00434,2020-11-23,Al-Co-Mo-Ni-Ru,HER,metallic_hea,A00100
https://openalex.org/W3107382008,10.1021/acsmaterialslett.0c00434,2020-11-23,Al-Co-Mo-Ni-Ru,OER,metallic_hea,A00101
https://openalex.org/W3107382008,10.1021/acsmaterialslett.0c00434,2020-11-23,Al-Co-Mo-Ni-Ru,ORR,metallic_hea,A00102
https://openalex.org/W3200138080,10.26434/chemrxiv.13336679.v1,2020-12-07,Co-Fe-Ga-Ni-Zn,OER,metallic_hea,A00002
https://openalex.org/W3113972036,10.1016/j.jmst.2020.10.079,2020-12-24,Co-Cr-Fe-Mo-Ni,OER,metallic_hea,A00003
https://openalex.org/W3122902951,10.1039/d0nh00656d,2021-01-01,Co-Cu-Ni-Pd-Pt,ORR,metallic_hea,A00103
https://openalex.org/W3213128220,10.1039/d1nj04509a,2021-01-01,Co-Cu-Fe-Mn-N-Ni,HER,metallic_hea,A00104
https://openalex.org/W3118742047,10.1021/acscatal.0c03313,2021-01-07,Co-Cr-Fe-Mn-Ni,ORR,metallic_hea,A00105
https://openalex.org/W3135178277,10.21203/rs.3.rs-236378/v1,2021-02-25,Co-Fe-Mn-Mo-Ni,HER,metallic_hea,A00106
https://openalex.org/W3135178277,10.21203/rs.3.rs-236378/v1,2021-02-25,Co-Fe-Mn-Mo-Ni,OER,metallic_hea,A00107
https://openalex.org/W3161452867,10.1016/j.jmst.2021.03.046,2021-05-09,Co-Cu-Fe-Ni-Zn,OER,metallic_hea,A00004
https://openalex.org/W4287119239,10.48550/arxiv.2106.08212,2021-06-15,Ag-Ir-Pd-Pt-Ru,ORR,metallic_hea,A00108
https://openalex.org/W4287119239,10.48550/arxiv.2106.08212,2021-06-15,Ir-Pd-Pt-Rh-Ru,ORR,metallic_hea,A00109
https://openalex.org/W3195400179,10.1021/acs.jpcc.1c03646,2021-08-03,Co-Cr-Fe-Ni,HER,metallic_hea,A00005
https://openalex.org/W3196989889,10.1007/s12274-021-3804-2,2021-08-31,Co-Cr-Fe-Mn-Mo-Ni,OER,metallic_hea,A00111
https://openalex.org/W3196989889,10.1007/s12274-021-3804-2,2021-08-31,Co-Cr-Fe-Mn-Mo-Ni,ORR,metallic_hea,A00112
https://openalex.org/W3196989889,10.1007/s12274-021-3804-2,2021-08-31,Co-Cr-Fe-Mn-Ni,OER,metallic_hea,A00113
https://openalex.org/W3198989237,10.1021/jacs.1c07643,2021-09-23,Co-Fe-Ni-Pt-Rh,HER,metallic_hea,A00116
https://openalex.org/W3207877540,10.1016/j.jmst.2021.09.003,2021-10-09,Co-Cr-Fe-Mn,OER,metallic_hea,A00006
https://openalex.org/W3205212392,10.1016/j.cej.2021.132883,2021-10-12,Co-Cu-Mg-Ni-Zn,HER,metallic_hea,A00007
https://openalex.org/W4285307166,10.1039/d2ta02597c,2022-01-01,Co-Cu-Mo-Ni-Pd,ORR,metallic_hea,A00008
https://openalex.org/W4210359652,10.1021/acsaem.1c03337,2022-01-12,Co-Cu-Ni-Pt-Ru,HER,metallic_hea,A00117
https://openalex.org/W4282832815,10.1007/s12274-022-4432-1,2022-06-14,Co-Fe-Ni-Pd-Pt,ORR,metallic_hea,A00120
https://openalex.org/W4283382611,10.1021/jacs.2c02755,2022-06-24,Ir-Pd-Pt-Rh-Ru,HER,metallic_hea,A00121
https://openalex.org/W4288067406,10.1002/aenm.202200742,2022-07-27,Co-Cr-Fe-Mn-Ni-V,OER,high_entropy_oxide,A00122
https://openalex.org/W4292296496,10.1021/acscatal.2c02604,2022-08-19,Co-Fe-Mo-Ni,OER,metallic_hea,A00123
https://openalex.org/W4293150302,10.1002/smll.202106127,2022-08-26,Al-Cr-Fe-Mo-Ni,OER,metallic_hea,A00125
https://openalex.org/W4293428177,10.1002/smll.202203126,2022-08-26,Co-Cr-Cu-Fe-Ni,OER,metallic_hea,A00126
https://openalex.org/W4296097388,10.3390/catal12091050,2022-09-15,Co-Cu-Fe-Ir-Ni,OER,metallic_hea,A00010
https://openalex.org/W4296370908,10.1021/acscatal.2c02778,2022-09-19,Ga-In-Mo-Ni-Pd,HER,metallic_hea,A00127
https://openalex.org/W4297222237,10.1002/smll.202204255,2022-09-26,Cu-Fe-Mo-Ni-Pt-Ru,HER,metallic_hea,A00128
https://openalex.org/W4297222237,10.1002/smll.202204255,2022-09-26,Cu-Fe-Mo-Ni-Pt-Ru,OER,metallic_hea,A00129
https://openalex.org/W4297222237,10.1002/smll.202204255,2022-09-26,Cu-Fe-Mo-Ni-Pt-Ru,ORR,metallic_hea,A00130
https://openalex.org/W4307286823,10.1063/5.0117046,2022-10-01,Al-Co-Fe-Mo-Ni,OER,metallic_hea,A00012
https://openalex.org/W4306698333,10.1021/acsnano.2c07787,2022-10-18,Cu-Ir-Ni-Pd-Pt,ORR,metallic_hea,A00132
https://openalex.org/W4306698333,10.1021/acsnano.2c07787,2022-10-18,Cu-Ni-Pd-Pt,ORR,metallic_hea,A00133
https://openalex.org/W4312060073,10.1002/adma.202207635,2022-12-21,Co-Mo-Ni-Pd-Pt,HER,metallic_hea,A00134
https://openalex.org/W4312060073,10.1002/adma.202207635,2022-12-21,Co-Mo-Ni-Pd-Pt,OER,metallic_hea,A00135
https://openalex.org/W4312060073,10.1002/adma.202207635,2022-12-21,Co-Mo-Ni-Pd-Pt,ORR,metallic_hea,A00136
https://openalex.org/W4312060073,10.1002/adma.202207635,2022-12-21,Ir-Pd-Pt-Rh-Ru,OER,metallic_hea,A00138
https://openalex.org/W4313368019,10.1016/j.isci.2022.105890,2022-12-28,Co-Cu-Fe-Ni-Pt,ORR,metallic_hea,A00014
https://openalex.org/W4385355711,10.1039/d3ee01929b,2023-01-01,Mo-Ni-Pd-Pt-Rh,HER,metallic_hea,A00140
https://openalex.org/W4385472713,10.32657/10356/169176,2023-01-01,Co-Cu-Fe-Mn-Ni,OER,metallic_hea,A00141
https://openalex.org/W4386305462,10.1039/d3mh00453h,2023-01-01,Co-Cr-Fe-Mn-Ni,HER,metallic_hea,A00142
https://openalex.org/W4387349698,10.1039/d3cc04162j,2023-01-01,Au-Pd-Pt-Rh-Ru,HER,metallic_hea,A00016
https://openalex.org/W7128804031,10.5281/zenodo.18636382,2023-02-13,Al-Cu-Fe-Ni-Ti,HER,metallic_hea,A00018
https://openalex.org/W4321054310,10.1016/j.mtsust.2023.100360,2023-02-16,Cr-Cu-Fe-Mn-Ni,OER,metallic_hea,A00019
https://openalex.org/W4321460320,10.1016/j.jallcom.2023.169319,2023-02-21,Al-Cr-Fe-Ni,OER,metallic_hea,A00020
https://openalex.org/W4321765719,10.1021/acssuschemeng.2c06888,2023-02-24,Co-Fe-Mo-Ni-W,HER,metallic_hea,A00145
https://openalex.org/W4323044308,10.1016/j.isci.2023.106326,2023-03-03,Cr-Cu-Ir-Ni-Pt,OER,metallic_hea,A00146
https://openalex.org/W4360600092,10.1002/advs.202300094,2023-03-22,Co-Fe-Ni-Ru,HER,metallic_hea,A00022
https://openalex.org/W4360600092,10.1002/advs.202300094,2023-03-22,Co-Fe-Ni-Ru,OER,metallic_hea,A00023
https://openalex.org/W4361011390,10.1002/adma.202300091,2023-03-27,Co-Ir-Mn-Ni-Zn,HER,metallic_hea,A00147
https://openalex.org/W4361011390,10.1002/adma.202300091,2023-03-27,Co-Ir-Mn-Ni-Zn,OER,metallic_hea,A00148
https://openalex.org/W4381848969,10.1002/asia.202300456,2023-06-24,Co-Cr-Fe-Mo-Ni,HER,metallic_hea,A00149
https://openalex.org/W4381848969,10.1002/asia.202300456,2023-06-24,Co-Cr-Fe-Ni,OER,metallic_hea,A00152
https://openalex.org/W4385189867,10.1002/adma.202303719,2023-07-24,Co-Fe-Mo-Ni-W,OER,metallic_hea,A00153
https://openalex.org/W4385189867,10.1002/adma.202303719,2023-07-24,Co-Fe-Mo-Ni-W,ORR,metallic_hea,A00154
https://openalex.org/W4385235296,10.1021/acs.inorgchem.3c01326,2023-07-25,Ag-Au-Pd-Pt-Ru,HER,metallic_hea,A00155
https://openalex.org/W4385974979,10.1117/12.2676326,2023-08-18,Ag-Al-Cu-Ni-Ti,HER,metallic_hea,A00157
https://openalex.org/W4386492486,10.1021/acs.energyfuels.3c02349,2023-09-06,Co-Cu-Fe-Ir-Ni,HER,metallic_hea,A00029
https://openalex.org/W4386686827,10.1021/acssuschemeng.3c04499,2023-09-12,Co-Fe-Mn-Ni-W,OER,metallic_hea,A00158
https://openalex.org/W4388129462,10.1002/adfm.202310683,2023-11-01,Co-Fe-Mn-Ni-Pt,ORR,metallic_hea,A00159
https://openalex.org/W4390768761,10.1093/chemle/upad055,2023-12-28,Co-Cu-Fe-Ni-Pd,HER,metallic_hea,A00166
https://openalex.org/W4391329304,10.1039/d3nr06065a,2024-01-01,B-Co-Cu-Fe-Ir-Mo-Ni,OER,metallic_hea,A00167
https://openalex.org/W4392702081,10.1039/d4cc00247d,2024-01-01,Cu-Fe-Mn-Ni-Pd,ORR,metallic_hea,A00168
https://openalex.org/W4396752750,10.1039/d4ee01139b,2024-01-01,Co-Cr-Fe-Ni-Pt,HER,metallic_hea,A00169
https://openalex.org/W4400640749,10.1039/d4ta02120g,2024-01-01,Au-Ir-Pd-Pt-Ru,HER,metallic_hea,A00171
https://openalex.org/W4402614644,10.1039/d4gc02517b,2024-01-01,Co-Cu-Fe-Ni-P,HER,metallic_hea,A00031
https://openalex.org/W4390653010,10.1016/j.apsusc.2024.159297,2024-01-07,Cu-Mn-Ni-Zn,CO2RR,metallic_hea,A00032
https://openalex.org/W4390670670,10.1038/s41467-023-44261-4,2024-01-08,Co-Cu-Fe-Ni-Pt,HER,metallic_hea,A00173
https://openalex.org/W4390950929,10.1002/smll.202309819,2024-01-17,Cu-Fe-Ni-Pt-Rh,HER,metallic_hea,A00033
https://openalex.org/W4390950929,10.1002/smll.202309819,2024-01-17,Cu-Fe-Ni-Pt-Rh,ORR,metallic_hea,A00034
https://openalex.org/W4391738133,10.1016/j.jcis.2024.02.044,2024-02-07,Co-Fe-Mn-Ni-V,ORR,metallic_hea,A00036
https://openalex.org/W4392043457,10.1021/acs.nanolett.3c04962,2024-02-22,B-Co-Cu-Fe-Mn-Ru,OER,metallic_hea,A00038
https://openalex.org/W4393049171,10.1007/s12274-024-6526-4,2024-03-21,Co-Fe-Mn-Ni-Pt,OER,metallic_hea,A00175
https://openalex.org/W4398181354,10.1016/j.jallcom.2024.174922,2024-05-20,Co-Cu-Fe-Mo-Ni,OER,metallic_hea,A00039
https://openalex.org/W4400806606,10.1016/s1872-2067(24)60067-7,2024-07-01,Cu-Pd-Pt-Rh-Ru,HER,metallic_hea,A00183
https://openalex.org/W4400446876,10.1021/acsnano.4c04176,2024-07-09,Ce-Co-Fe-Ni-Pt-Ru-Zn,HER,metallic_hea,A00184
https://openalex.org/W4400446876,10.1021/acsnano.4c04176,2024-07-09,Ce-Co-Fe-Ni-Pt-Ru-Zn,OER,metallic_hea,A00185
https://openalex.org/W4400446876,10.1021/acsnano.4c04176,2024-07-09,Co-Fe-Ni-Pt-Ru-Zn,HER,metallic_hea,A00186
https://openalex.org/W4400446876,10.1021/acsnano.4c04176,2024-07-09,Co-Fe-Ni-Pt-Ru-Zn,OER,metallic_hea,A00187
https://openalex.org/W4400684242,10.22541/au.172114236.61135092/v1,2024-07-16,Co-Cu-Fe-Ni,OER,metallic_hea,A00188
https://openalex.org/W4401016416,10.1126/sciadv.adl3693,2024-07-26,Co-Fe-Ni-Pt-Ru,HER,metallic_hea,A00193
https://openalex.org/W4401699293,10.1149/ma2024-01452532mtgabs,2024-08-09,Co-Cu-Fe-Mn-Mo-Ni-Pd-Pt,HER,metallic_hea,A00197
https://openalex.org/W4401699293,10.1149/ma2024-01452532mtgabs,2024-08-09,Co-Cu-Fe-Mn-Mo-Ni-Pd-Pt,OER,metallic_hea,A00198
https://openalex.org/W4403215206,10.1021/acsaem.4c01036,2024-10-08,Co-Cu-Fe-Ga-Ni-Ti,HER,metallic_hea,A00042
https://openalex.org/W4403215206,10.1021/acsaem.4c01036,2024-10-08,Co-Cu-Fe-Ga-Ni-Ti,OER,metallic_hea,A00043
https://openalex.org/W4403215206,10.1021/acsaem.4c01036,2024-10-08,Co-Cu-Fe-Ni-Ti,HER,metallic_hea,A00044
https://openalex.org/W4403215206,10.1021/acsaem.4c01036,2024-10-08,Co-Cu-Fe-Ni-Ti,OER,metallic_hea,A00045
https://openalex.org/W4403665057,10.1021/acsaem.4c01875,2024-10-23,Co-Fe-Mn-Ni-Ru,HER,metallic_hea,A00201
https://openalex.org/W4404448431,10.1016/j.mtchem.2024.102404,2024-11-17,Co-Fe-Mn-Ni-V,HER,metallic_hea,A00047
https://openalex.org/W4404563910,10.1126/sciadv.adq6758,2024-11-20,Co-Fe-Mo-Ni-Zn,OER,metallic_hea,A00203
https://openalex.org/W4404626182,10.1016/j.apsusc.2024.161865,2024-11-22,Cu-Mn-Mo-Ni-Pt,OER,metallic_hea,A00048
https://openalex.org/W4405588190,10.1149/ma2024-02563782mtgabs,2024-11-22,Co-Cu-Mn-Ni-Ru,HER,metallic_hea,A00204
https://openalex.org/W4405589161,10.1149/ma2024-02412696mtgabs,2024-11-22,Co-Cu-Ni-Pt-Zn,ORR,metallic_hea,A00209
https://openalex.org/W4405590151,10.1149/ma2024-02412695mtgabs,2024-11-22,Co-Cr-Ni-Pt,ORR,metallic_hea,A00212
https://openalex.org/W4405088323,10.1002/ange.202419956,2024-12-04,Co-Cu-Fe-Ir-Mo-Ni-Pd,OER,metallic_hea,A00049
https://openalex.org/W4405210898,10.1039/d4ce01108b,2024-12-10,Cu-Ir-Pt-Ru-Sn,HER,metallic_hea,A00214
https://openalex.org/W4405858796,10.1002/ange.202423765,2024-12-28,Co-Ni-Pd-Pt-Ru,HER,metallic_hea,A00216
https://openalex.org/W4405858796,10.1002/ange.202423765,2024-12-28,Co-Ni-Pd-Pt-Ru,ORR,metallic_hea,A00217
https://openalex.org/W4409000170,10.1039/d5cc01064k,2025-01-01,Au-Ir-Pd-Pt-Rh-Ru,HER,metallic_hea,A00050
https://openalex.org/W4409665777,10.1039/d4nh00659c,2025-01-01,Co-Cr-Cu-Fe-Mn-Ni,OER,metallic_hea,A00218
https://openalex.org/W4409729566,10.1039/d5ta01949d,2025-01-01,Co-Fe-Mn-Ni-Ru,OER,metallic_hea,A00219
https://openalex.org/W4412413533,10.1039/d5ta04408a,2025-01-01,Co-Mn-Ni-Ru-Ta,HER,metallic_hea,A00052
https://openalex.org/W4412753528,10.1039/d5cy00637f,2025-01-01,Al-Co-Fe-Ni-Pd-Y,OER,metallic_hea,A00053
https://openalex.org/W4412753528,10.1039/d5cy00637f,2025-01-01,Co-Fe-Ni-Pd-Y,OER,metallic_hea,A00054
https://openalex.org/W4415588923,10.1039/d5ta05917h,2025-01-01,Au-Mo-Pd-Pt-W,HER,metallic_hea,A00055
https://openalex.org/W4415678393,10.2139/ssrn.5679600,2025-01-01,Au-Co-Cu-Fe-Ni-Pd-Pt,ORR,metallic_hea,A00056
https://openalex.org/W4416257470,10.54227/elab.20250009,2025-01-01,Co-Fe-Mn-Ni-Rh,OER,metallic_hea,A00222
https://openalex.org/W4407248819,10.1021/acs.energyfuels.4c05070,2025-02-07,Co-Cu-Fe-Mo-Ni,HER,metallic_hea,A00224
https://openalex.org/W4407809077,10.1021/acsnano.4c14294,2025-02-21,Ag-Au-Cu-Ir-Pd-Pt-Rh,HER,metallic_hea,A00225
https://openalex.org/W4408393669,10.1021/acsami.4c20528,2025-03-13,Al-Co-Cr-Fe-Ni,OER,metallic_hea,A00058
https://openalex.org/W4408735398,10.1016/j.actamat.2025.120964,2025-03-22,Co-Ir-Mn-Ni-Ru,OER,metallic_hea,A00060
https://openalex.org/W4409003495,10.1021/acsami.4c02468,2025-03-31,Co-Cu-Fe-Ni-V,HER,metallic_hea,A00228
https://openalex.org/W4409003495,10.1021/acsami.4c02468,2025-03-31,Co-Cu-Fe-Ni-V,OER,metallic_hea,A00229
https://openalex.org/W4409003495,10.1021/acsami.4c02468,2025-03-31,Co-Cu-Fe-Ni-V,ORR,metallic_hea,A00230
https://openalex.org/W4409205460,10.1021/acsami.4c22052,2025-04-07,Co-Fe-Mn-Ni,ORR,metallic_hea,A00232
https://openalex.org/W4409246456,10.1038/s41467-025-58648-y,2025-04-08,Co-Cr-Fe-Ni-W,OER,metallic_hea,A00233
https://openalex.org/W4409255252,10.1016/j.ijhydene.2025.04.084,2025-04-08,Co-Ir-Ni-Pt,HER,metallic_hea,A00061
https://openalex.org/W4410299084,10.1063/5.0271005,2025-05-01,Co-Fe-Ni-V,HER,metallic_hea,A00236
https://openalex.org/W4410462901,10.1021/acsaem.5c00194,2025-05-17,Co-Cu-Fe-Mn-Mo-Ni-O,OER,high_entropy_oxide,A00064
https://openalex.org/W4410884043,10.1016/j.jcis.2025.138024,2025-05-30,Co-Cu-Mo-Ni-Zn,HER,metallic_hea,A00065
https://openalex.org/W4412106326,10.26434/chemrxiv-2022-78s83-v2,2025-07-08,Au-Ir-Os-Pd-Pt-Re-Rh-Ru,ORR,metallic_hea,A00239
https://openalex.org/W4412511200,10.1149/ma2025-01381934mtgabs,2025-07-11,Co-Cr-Fe-Ni-Ti,HER,metallic_hea,A00244
https://openalex.org/W4412752304,10.1021/acsami.5c08254,2025-07-30,Co-Cr-Fe-Ni-V,OER,metallic_hea,A00073
https://openalex.org/W4412769304,10.1039/d5fd00092k,2025-07-30,Co-Fe-Ni-Pd-Pt,OER,metallic_hea,A00246
https://openalex.org/W4412867978,10.1016/j.mtchem.2025.102953,2025-08-03,Co-Cr-Cu-Fe-Ni,ORR,metallic_hea,A00076
https://openalex.org/W4413516561,10.1021/acs.jpclett.5c02060,2025-08-25,Co-Cu-In-Mo-Ni,ORR,metallic_hea,A00249
https://openalex.org/W4413641275,10.1021/acsnano.5c08242,2025-08-26,Co-Cu-Fe-Mn-Ni-Ru,OER,metallic_hea,A00250
https://openalex.org/W4413796937,10.3390/ma18174015,2025-08-27,Al-Co-Cr-Ni-Ti-V,OER,metallic_hea,A00251
https://openalex.org/W4414125220,10.1021/acsami.5c13488,2025-09-11,Co-Cu-Fe-Ni,HER,metallic_hea,A00078
https://openalex.org/W4417081400,10.48550/arxiv.2509.14542,2025-09-18,Co-Cu-Mo-Ni-Ru,HER,metallic_hea,A00255
https://openalex.org/W4414674929,10.1016/j.pnsc.2025.09.005,2025-09-30,Fe-Ir-Mn-Pt-Ru,HER,metallic_hea,A00079
https://openalex.org/W4414765057,10.1021/acs.energyfuels.5c03826,2025-10-02,Co-Cu-Fe-Ni-Pt,OER,metallic_hea,A00080
https://openalex.org/W4415076263,10.1016/j.jcis.2025.139232,2025-10-11,Co-Cr-Fe-Ni-Ti,OER,metallic_hea,A00082
https://openalex.org/W4415127066,10.1021/acsami.5c12295,2025-10-13,Co-Cr-Fe-Mn-Ni-Pt,OER,metallic_hea,A00256
https://openalex.org/W4415127066,10.1021/acsami.5c12295,2025-10-13,Co-Cr-Fe-Mn-Ni-Pt,ORR,metallic_hea,A00257
https://openalex.org/W4415127066,10.1021/acsami.5c12295,2025-10-13,Co-Fe-Ni-Pt,OER,metallic_hea,A00258
https://openalex.org/W4415127066,10.1021/acsami.5c12295,2025-10-13,Co-Fe-Ni-Pt,ORR,metallic_hea,A00259
https://openalex.org/W4415671205,10.1007/s10853-025-11760-2,2025-10-29,Co-Cu-Fe-Mn-Ni-Zn,HER,metallic_hea,A00085
https://openalex.org/W4415782049,10.1021/prechem.5c00094,2025-11-03,Ag-Ir-Pd-Pt-Ru,OER,metallic_hea,A00260
https://openalex.org/W4416111589,10.1016/j.fuel.2025.137407,2025-11-11,Co-Cu-Mn-Mo-Ni,HER,metallic_hea,A00089
https://openalex.org/W4416548218,10.1021/acsami.5c21193,2025-11-21,Cu-Nb-Ni-Ti-Zr,HER,metallic_hea,A00090
https://openalex.org/W4416606054,10.1149/ma2025-02391893mtgabs,2025-11-24,Co-Fe-Mo-Ni-P,HER,metallic_hea,A00264
https://openalex.org/W4416606054,10.1149/ma2025-02391893mtgabs,2025-11-24,Co-Fe-Mo-Ni-P,OER,metallic_hea,A00265
https://openalex.org/W4416606054,10.1149/ma2025-02391893mtgabs,2025-11-24,Co-Mn-Mo-Ni-P,HER,metallic_hea,A00266
https://openalex.org/W4416606054,10.1149/ma2025-02391893mtgabs,2025-11-24,Co-Mn-Mo-Ni-P,OER,metallic_hea,A00267
https://openalex.org/W4416827390,10.1021/acsami.5c17409,2025-11-29,Co-Fe-Ni-Pt,HER,metallic_hea,A00271
https://openalex.org/W4416939535,10.1021/acsaem.5c02722,2025-12-03,Co-Cu-Mn-Mo-Ni,OER,metallic_hea,A00278
https://openalex.org/W4417475362,10.1021/acsanm.5c04865,2025-12-18,C-Co-Cu-Fe-Mn-N-Ni,OER,metallic_hea,A00279
https://openalex.org/W7116656994,10.1039/d5ta08468g,2025-12-22,Ir-Mo-Pd-Sn-Zn,HER,metallic_hea,A00094
