endpoint,candidate_count,positives,prevalence,k,actual_k,hits_at_k,precision_at_k,precision_wilson_95_low,precision_wilson_95_high,enrichment_at_k,hypergeometric_p
future_research_activity,280,11,0.039285714285714285,10,10,4,0.4,0.16818032970623614,0.6873262302663417,10.181818181818183,0.0002443164927362405
future_research_activity,280,11,0.039285714285714285,20,20,4,0.2,0.08065766257979806,0.41601743225189364,5.090909090909092,0.004570538084210914
future_research_activity,280,11,0.039285714285714285,50,50,9,0.18,0.09770192670234178,0.30796053674300783,4.581818181818182,4.015547032209458e-06
future_research_activity,280,11,0.039285714285714285,100,100,9,0.09,0.04807254000256516,0.1622621285271631,2.290909090909091,0.001990870121583494
future_research_activity,280,11,0.039285714285714285,280,280,11,0.039285714285714285,0.022075765848420574,0.06896610988058796,1.0,1.0
genuinely_novel_relation,274,6,0.021897810218978103,10,10,1,0.1,0.017876213095072896,0.4041500267952385,4.566666666666666,0.20162461767857667
genuinely_novel_relation,274,6,0.021897810218978103,20,20,2,0.1,0.027866481213768224,0.3010336452284873,4.566666666666666,0.06367326078115434
genuinely_novel_relation,274,6,0.021897810218978103,50,50,4,0.08,0.03154951408859298,0.18838246918342838,3.6533333333333333,0.011223316622428047
genuinely_novel_relation,274,6,0.021897810218978103,100,100,4,0.04,0.01566330399154762,0.0983707143588792,1.8266666666666667,0.13180468995047434
genuinely_novel_relation,274,6,0.021897810218978103,274,274,6,0.021897810218978103,0.010073695210009791,0.04694248548502991,1.0,1.0
