scenario,k,actual_k,candidate_count,positives,prevalence,hits_at_k,precision_at_k,precision_wilson_95_low,precision_wilson_95_high,enrichment_at_k,hypergeometric_p,permutation_p_10000
locked_original_peer_reviewed,10,10,280,5,0.017857142857142856,2,0.2,0.05668215145437519,0.5098375284633583,11.200000000000001,0.010870167553446707,0.009999000099990002
locked_original_peer_reviewed,20,20,280,5,0.017857142857142856,2,0.1,0.027866481213768224,0.3010336452284873,5.6000000000000005,0.04262946370211539,0.048595140485951406
locked_original_peer_reviewed,50,50,280,5,0.017857142857142856,4,0.08,0.03154951408859298,0.18838246918342838,4.48,0.003981442771717178,0.004899510048995101
locked_original_peer_reviewed,100,100,280,5,0.017857142857142856,4,0.04,0.01566330399154762,0.0983707143588792,2.24,0.05645422649531069,0.05649435056494351
locked_original_peer_reviewed,280,280,280,5,0.017857142857142856,5,0.017857142857142856,0.007651017654096145,0.0411137360157965,1.0,1.0,1.0
conservative_all_machine_prior_pairs_valid,10,10,280,3,0.010714285714285714,0,0.0,0.0,0.2775327998628892,0.0,1.0,1.0
conservative_all_machine_prior_pairs_valid,20,20,280,3,0.010714285714285714,0,0.0,0.0,0.16112515805281938,0.0,1.0,1.0
conservative_all_machine_prior_pairs_valid,50,50,280,3,0.010714285714285714,2,0.04,0.011038884327619805,0.1346009068750702,3.7333333333333334,0.0832559758644697,0.08249175082491751
conservative_all_machine_prior_pairs_valid,100,100,280,3,0.010714285714285714,2,0.02,0.00550196755016235,0.07001179072854388,1.8666666666666667,0.2908364552597553,0.29427057294270575
conservative_all_machine_prior_pairs_valid,280,280,280,3,0.010714285714285714,3,0.010714285714285714,0.003650387458337581,0.031021992191849777,1.0,1.0,1.0
locked_original_including_preprint,10,10,280,6,0.02142857142857143,2,0.2,0.05668215145437519,0.5098375284633583,9.333333333333334,0.015992243785908723,0.014598540145985401
locked_original_including_preprint,20,20,280,6,0.02142857142857143,3,0.15,0.052368745896216595,0.36041886474075696,7.0,0.005469013876456964,0.0065993400659934
locked_original_including_preprint,50,50,280,6,0.02142857142857143,5,0.1,0.04347576493189041,0.21360231437479654,4.666666666666667,0.000793504328628948,0.0004999500049995
locked_original_including_preprint,100,100,280,6,0.02142857142857143,5,0.05,0.02154367915436796,0.11175046923191913,2.3333333333333335,0.023249495248890282,0.022797720227977204
locked_original_including_preprint,280,280,280,6,0.02142857142857143,6,0.02142857142857143,0.009857032458149666,0.04595390822159563,1.0,1.0,1.0
conservative_including_preprint,10,10,280,4,0.014285714285714285,0,0.0,0.0,0.2775327998628892,0.0,1.0,1.0
conservative_including_preprint,20,20,280,4,0.014285714285714285,1,0.05,0.008881448800795402,0.23613119344674205,3.5000000000000004,0.2577689100611906,0.26447355264473554
conservative_including_preprint,50,50,280,4,0.014285714285714285,3,0.06,0.02061497034897397,0.16217091688838173,4.2,0.018903707824470598,0.017698230176982303
conservative_including_preprint,100,100,280,4,0.014285714285714285,3,0.03,0.010254524024038925,0.0845193642905276,2.1,0.13176392622946015,0.1292870712928707
conservative_including_preprint,280,280,280,4,0.014285714285714285,4,0.014285714285714285,0.0055690880340429905,0.03614947862599701,1.0,1.0,1.0
