minimum_elements,scope,k,candidate_count,positives,prevalence,hits_at_k,precision_at_k,precision_wilson_95_low,precision_wilson_95_high,enrichment_at_k,hypergeometric_p,endpoint_role,bh_q_across_secondary_tests
4,peer_reviewed_articles_only,10,280,5,0.017857142857142856,2,0.2,0.05668215145437519,0.5098375284633583,11.200000000000001,0.010870167553446707,primary,
4,peer_reviewed_articles_only,20,280,5,0.017857142857142856,2,0.1,0.027866481213768224,0.3010336452284873,5.6000000000000005,0.04262946370211539,secondary_or_sensitivity,0.04918784273321007
4,peer_reviewed_articles_only,50,280,5,0.017857142857142856,4,0.08,0.03154951408859298,0.18838246918342838,4.48,0.003981442771717178,secondary_or_sensitivity,0.011944328315151534
4,peer_reviewed_articles_only,100,280,5,0.017857142857142856,4,0.04,0.01566330399154762,0.0983707143588792,2.24,0.05645422649531069,secondary_or_sensitivity,0.06048667124497574
4,all_primary_and_preprint,10,280,6,0.02142857142857143,2,0.2,0.05668215145437519,0.5098375284633583,9.333333333333334,0.015992243785908723,secondary_or_sensitivity,0.026653739643181205
4,all_primary_and_preprint,20,280,6,0.02142857142857143,3,0.15,0.052368745896216595,0.36041886474075696,7.0,0.005469013876456964,secondary_or_sensitivity,0.013672534691142412
4,all_primary_and_preprint,50,280,6,0.02142857142857143,5,0.1,0.04347576493189041,0.21360231437479654,4.666666666666667,0.000793504328628948,secondary_or_sensitivity,0.0039675216431447405
4,all_primary_and_preprint,100,280,6,0.02142857142857143,5,0.05,0.02154367915436796,0.11175046923191913,2.3333333333333335,0.023249495248890282,secondary_or_sensitivity,0.031703857157577654
5,peer_reviewed_articles_only,10,247,5,0.020242914979757085,2,0.2,0.05668215145437519,0.5098375284633583,9.88,0.013865257890955883,secondary_or_sensitivity,0.02599735854554228
5,peer_reviewed_articles_only,20,247,5,0.020242914979757085,4,0.2,0.08065766257979806,0.41601743225189364,9.88,0.00015163033765116743,secondary_or_sensitivity,0.0011372275323837558
5,peer_reviewed_articles_only,50,247,5,0.020242914979757085,4,0.08,0.03154951408859298,0.18838246918342838,3.952,0.006456090361709402,secondary_or_sensitivity,0.013834479346520148
5,peer_reviewed_articles_only,100,247,5,0.020242914979757085,4,0.04,0.01566330399154762,0.0983707143588792,1.976,0.08860123666832563,secondary_or_sensitivity,0.08860123666832563
5,all_primary_and_preprint,10,247,6,0.024291497975708502,2,0.2,0.05668215145437519,0.5098375284633583,8.233333333333334,0.02034483961494429,secondary_or_sensitivity,0.030517259422416437
5,all_primary_and_preprint,20,247,6,0.024291497975708502,5,0.25,0.11186170140766569,0.468700877618744,10.291666666666666,1.1993593781657778e-05,secondary_or_sensitivity,0.00017990390672486666
5,all_primary_and_preprint,50,247,6,0.024291497975708502,5,0.1,0.04347576493189041,0.21360231437479654,4.116666666666667,0.0014604879006805639,secondary_or_sensitivity,0.005476829627552114
5,all_primary_and_preprint,100,247,6,0.024291497975708502,5,0.05,0.02154367915436796,0.11175046923191913,2.0583333333333336,0.04132274760865431,secondary_or_sensitivity,0.04918784273321007
