scope,endpoint,candidate_count,positives,prevalence,k,actual_k,hits_at_k,precision_at_k,enrichment_at_k,hypergeometric_p,bonferroni_p,bh_fdr_q
full_frozen_universe,future_research_activity,280,11,0.039285714285714285,10,10,4,0.4,10.181818181818183,0.0002443164927362405,0.000977265970944962,0.000488632985472481
full_frozen_universe,future_research_activity,280,11,0.039285714285714285,20,20,4,0.2,5.090909090909092,0.004570538084210914,0.018282152336843657,0.004570538084210914
full_frozen_universe,future_research_activity,280,11,0.039285714285714285,50,50,9,0.18,4.581818181818182,4.015547032209458e-06,1.6062188128837832e-05,1.6062188128837832e-05
full_frozen_universe,future_research_activity,280,11,0.039285714285714285,100,100,9,0.09,2.290909090909091,0.001990870121583494,0.007963480486333977,0.0026544934954446588
full_frozen_universe,genuinely_novel_relation,274,6,0.021897810218978103,10,10,1,0.1,4.566666666666666,0.20162461767857667,0.8064984707143067,0.20162461767857667
full_frozen_universe,genuinely_novel_relation,274,6,0.021897810218978103,20,20,2,0.1,4.566666666666666,0.06367326078115434,0.2546930431246174,0.1273465215623087
full_frozen_universe,genuinely_novel_relation,274,6,0.021897810218978103,50,50,4,0.08,3.6533333333333333,0.011223316622428047,0.04489326648971219,0.04489326648971219
full_frozen_universe,genuinely_novel_relation,274,6,0.021897810218978103,100,100,4,0.04,1.8266666666666667,0.13180468995047434,0.5272187598018974,0.17573958660063246
excluding_co2rr,future_research_activity,172,11,0.06395348837209303,10,10,4,0.4,6.254545454545455,0.001603081458699572,0.006412325834798288,0.003206162917399144
excluding_co2rr,future_research_activity,172,11,0.06395348837209303,20,20,4,0.2,3.1272727272727274,0.026018316109409342,0.10407326443763737,0.03469108814587912
excluding_co2rr,future_research_activity,172,11,0.06395348837209303,50,50,9,0.18,2.8145454545454545,0.00028081954876214306,0.0011232781950485723,0.0011232781950485723
excluding_co2rr,future_research_activity,172,11,0.06395348837209303,100,100,9,0.09,1.4072727272727272,0.08871899669003055,0.3548759867601222,0.08871899669003055
excluding_co2rr,genuinely_novel_relation,166,6,0.03614457831325301,10,10,1,0.1,2.766666666666667,0.3152617191425621,1.0,0.4203489588567495
excluding_co2rr,genuinely_novel_relation,166,6,0.03614457831325301,20,20,2,0.1,2.766666666666667,0.15397369985405096,0.6158947994162038,0.3079473997081019
excluding_co2rr,genuinely_novel_relation,166,6,0.03614457831325301,50,50,4,0.08,2.2133333333333334,0.06778002631534971,0.27112010526139885,0.27112010526139885
excluding_co2rr,genuinely_novel_relation,166,6,0.03614457831325301,100,100,4,0.04,1.1066666666666667,0.5494003895101667,1.0,0.5494003895101667
