entity_level,model,windows_full,mean_pr_auc_full,median_pr_auc_full,windows_excluding_co2rr,mean_pr_auc_excluding_co2rr,median_pr_auc_excluding_co2rr,mean_difference_excluding_minus_full
Exact element set,popularity,4,0.2648490945736721,0.2609481891473442,4,0.2648490945736721,0.2609481891473442,0.0
Exact element set,logistic_topology,4,0.33610152457369263,0.14898876343309955,4,0.33614437748283676,0.14907446925138781,4.285290914413098e-05
Exact element set,logistic_text,4,0.18908941730974302,0.19466881654381651,4,0.18908941730974305,0.19466881654381657,2.7755575615628914e-17
Exact element set,lsa_text_embedding,4,0.0674859098330792,0.0674358889429425,4,0.13020648185303366,0.13363481600630944,0.06272057201995446
Exact element set,random_forest_chemistry,4,0.18163986287850603,0.10486111111111104,4,0.18548361820859638,0.10927287581699346,0.003843755330090348
Element pair,popularity,5,0.3401783470206524,0.3558270309466223,5,0.3534855035999425,0.3965513748047995,0.013307156579290103
Element pair,logistic_topology,5,0.3500160970911275,0.2873263479906235,5,0.3658198457836844,0.30291400547692693,0.015803748692556907
Element pair,logistic_text,5,0.34481522033285966,0.329718388231303,5,0.3573119534630426,0.3666823963953273,0.012496733130182958
Element pair,lsa_text_embedding,5,0.11938958094152252,0.1118180373644174,5,0.2535672798394171,0.2678029476125054,0.1341776988978946
Element pair,random_forest_chemistry,5,0.32605002089778645,0.3353004806193893,5,0.36468966694633903,0.37773466706249725,0.03863964604855258
