entity_level,cutoff_year,model,candidates,positives,prevalence,observed_pr_auc,null_pr_auc_mean,null_pr_auc_95_low,null_pr_auc_95_high,pr_auc_empirical_p,observed_precision_at_20,null_precision_at_20_mean,precision_at_20_empirical_p,permutations,seed
element_pair,2020,logistic_text,195,30,0.15384615384615385,0.24935686778654742,0.1701919218265408,0.12959633976419144,0.23354715184763158,0.010494752623688156,0.2,0.15335000000000001,0.36281859070464767,2000,20260926
element_pair,2020,logistic_text_hybrid,195,30,0.15384615384615385,0.22585319561615452,0.17532634577720818,0.12589065714797243,0.26077168571272835,0.08395802098950525,0.3,0.153575,0.06846576711644178,2000,20260926
element_pair,2020,logistic_topology,195,30,0.15384615384615385,0.248811130670387,0.16292551011150938,0.13094900279253055,0.21733587872207447,0.00399800099950025,0.3,0.153075,0.06646676661669165,2000,20260926
element_pair,2020,lsa_text_embedding,195,30,0.15384615384615385,0.21824830645271262,0.17119883072218686,0.1309633053720593,0.24328152072451964,0.07196401799100449,0.25,0.15427499999999997,0.17091454272863568,2000,20260926
element_pair,2020,popularity,195,30,0.15384615384615385,0.25540063394290385,0.16224468746761392,0.13245547289029747,0.20869233477444452,0.0014992503748125937,0.25,0.153775,0.1724137931034483,2000,20260926
element_pair,2020,pu_logistic_hybrid,195,30,0.15384615384615385,0.2112376671691654,0.1675683841051373,0.12514511934227512,0.23682119626594503,0.0814592703648176,0.25,0.152025,0.18040979510244878,2000,20260926
element_pair,2020,random,195,30,0.15384615384615385,0.12308307372270386,0.17565574379106375,0.1270180882557649,0.2569480246344446,0.9885057471264368,0.1,0.1552,0.841079460269865,2000,20260926
element_pair,2020,random_forest_chemistry,195,30,0.15384615384615385,0.3353004806193893,0.1760928607704853,0.1261842051135911,0.25823322028371215,0.0004997501249375312,0.35,0.15664999999999998,0.01699150424787606,2000,20260926
element_pair,2020,random_forest_hybrid,195,30,0.15384615384615385,0.2878723812278368,0.17458237558226103,0.12692518293345675,0.24922068892933177,0.006496751624187906,0.25,0.152725,0.1619190404797601,2000,20260926
element_pair,2020,random_forest_topology,195,30,0.15384615384615385,0.49060204257745965,0.1695681299267678,0.13158440503129587,0.23797042272689717,0.0004997501249375312,0.6,0.1492,0.0004997501249375312,2000,20260926
element_pair,2021,logistic_text,226,32,0.1415929203539823,0.37274890865659005,0.15908099329578618,0.11787971812348912,0.2221368812964092,0.0004997501249375312,0.4,0.140125,0.001999000499750125,2000,20260926
element_pair,2021,logistic_text_hybrid,226,32,0.1415929203539823,0.3138336291006828,0.16041800190485134,0.11603565726129593,0.2404841157233115,0.0009995002498750624,0.3,0.14142500000000002,0.047976011994003,2000,20260926
element_pair,2021,logistic_topology,226,32,0.1415929203539823,0.2873263479906235,0.1580559877946858,0.11811728308371686,0.22459161274114856,0.001999000499750125,0.25,0.14164999999999997,0.13343328335832083,2000,20260926
element_pair,2021,lsa_text_embedding,226,32,0.1415929203539823,0.15232153955746613,0.16031162789113296,0.11868066130347818,0.23550422513898112,0.5432283858070964,0.0,0.14185000000000003,1.0,2000,20260926
element_pair,2021,popularity,226,32,0.1415929203539823,0.41212089813921715,0.15510255947056414,0.11837872374252606,0.2143057124557389,0.0004997501249375312,0.35,0.1424,0.01249375312343828,2000,20260926
element_pair,2021,pu_logistic_hybrid,226,32,0.1415929203539823,0.2820583215109568,0.1535820399636452,0.11574817515285758,0.21511225887967453,0.0004997501249375312,0.25,0.14192500000000002,0.13093453273363317,2000,20260926
element_pair,2021,random,226,32,0.1415929203539823,0.13391105896012642,0.1603704143888522,0.11758803600004768,0.2335461945125312,0.8185907046476761,0.05,0.1403,0.9610194902548725,2000,20260926
element_pair,2021,random_forest_chemistry,226,32,0.1415929203539823,0.2725042280438066,0.1594235774238159,0.11679580850384702,0.2305201068608255,0.00399800099950025,0.3,0.1392,0.03648175912043978,2000,20260926
element_pair,2021,random_forest_hybrid,226,32,0.1415929203539823,0.3336005567890822,0.1608189839877691,0.1168741126889324,0.2353485771531014,0.0004997501249375312,0.35,0.1425,0.01199400299850075,2000,20260926
element_pair,2021,random_forest_topology,226,32,0.1415929203539823,0.4726703832938408,0.15914811504834223,0.1193102343692502,0.22605222353574694,0.0004997501249375312,0.65,0.14167500000000002,0.0004997501249375312,2000,20260926
element_pair,2022,logistic_text,235,8,0.03404255319148936,0.5141526207046542,0.05377270988758798,0.025987960302678317,0.16297225374897606,0.0004997501249375312,0.25,0.035125,0.0004997501249375312,2000,20260926
element_pair,2022,logistic_text_hybrid,235,8,0.03404255319148936,0.18508741097556888,0.05426081882051324,0.026035053092769423,0.15949403568887918,0.01249375312343828,0.1,0.03427500000000001,0.14742628685657172,2000,20260926
element_pair,2022,logistic_topology,235,8,0.03404255319148936,0.6032719797596457,0.05232546538278736,0.025804435851491548,0.15684894732247953,0.0004997501249375312,0.25,0.034550000000000004,0.0004997501249375312,2000,20260926
element_pair,2022,lsa_text_embedding,235,8,0.03404255319148936,0.03493397484205866,0.05460462222086213,0.025908199234837274,0.16222597355651883,0.7301349325337332,0.0,0.034225,1.0,2000,20260926
element_pair,2022,popularity,235,8,0.03404255319148936,0.4294525488173029,0.051953412211886714,0.026285729627838775,0.16195389210405067,0.0004997501249375312,0.25,0.03395,0.0009995002498750624,2000,20260926
element_pair,2022,pu_logistic_hybrid,235,8,0.03404255319148936,0.13214339310139406,0.04807303784346817,0.025868293954322823,0.10127560539968898,0.005497251374312844,0.1,0.0327,0.13543228385807096,2000,20260926
element_pair,2022,random,235,8,0.03404255319148936,0.043261617682091226,0.05462804899763779,0.026233195156840236,0.16173687519961996,0.49775112443778113,0.0,0.033525,1.0,2000,20260926
element_pair,2022,random_forest_chemistry,235,8,0.03404255319148936,0.3739537326708379,0.05473634032443904,0.025894008703257438,0.1669511333634826,0.0004997501249375312,0.3,0.03475,0.0004997501249375312,2000,20260926
element_pair,2022,random_forest_hybrid,235,8,0.03404255319148936,0.2507096934973921,0.05433660523130734,0.025978461476804472,0.16095942725309978,0.0014992503748125937,0.2,0.034425,0.0009995002498750624,2000,20260926
element_pair,2022,random_forest_topology,235,8,0.03404255319148936,0.2629697679961862,0.05295636802851966,0.026284860611612962,0.16242403958081877,0.0024987506246876563,0.15,0.032299999999999995,0.02498750624687656,2000,20260926
element_pair,2023,logistic_text,280,34,0.12142857142857143,0.32971838823130306,0.13784644986828426,0.09947420815652736,0.2010298470987757,0.0004997501249375312,0.5,0.122375,0.0004997501249375312,2000,20260926
element_pair,2023,logistic_text_hybrid,280,34,0.12142857142857143,0.28294764919085363,0.1380230302908908,0.09919562920154393,0.20258326781362157,0.0014992503748125937,0.45,0.12150000000000001,0.0014992503748125937,2000,20260926
element_pair,2023,logistic_topology,280,34,0.12142857142857143,0.36667322438044636,0.13596677910048702,0.10001112423700194,0.19805675657603045,0.0004997501249375312,0.5,0.122325,0.0004997501249375312,2000,20260926
element_pair,2023,lsa_text_embedding,280,34,0.12142857142857143,0.11181803736441745,0.13853281686737137,0.09970656342686607,0.20278605143215153,0.8750624687656172,0.1,0.121925,0.7261369315342329,2000,20260926
element_pair,2023,popularity,280,34,0.12142857142857143,0.3558270309466223,0.13609315470094482,0.10230822095983771,0.19586483971252405,0.0004997501249375312,0.4,0.12252500000000001,0.001999000499750125,2000,20260926
element_pair,2023,pu_logistic_hybrid,280,34,0.12142857142857143,0.2931479462280518,0.13316416719443727,0.10054782673398578,0.18441331166496902,0.0004997501249375312,0.45,0.12222500000000001,0.0004997501249375312,2000,20260926
element_pair,2023,random,280,34,0.12142857142857143,0.11937298605443439,0.1376978377849722,0.10027781843391526,0.20117064932570466,0.7436281859070465,0.15,0.12135,0.44877561219390305,2000,20260926
element_pair,2023,random_forest_chemistry,280,34,0.12142857142857143,0.3834498865353181,0.13713816429084644,0.09992920887415749,0.20194486550092355,0.0004997501249375312,0.4,0.11875,0.0009995002498750624,2000,20260926
element_pair,2023,random_forest_hybrid,280,34,0.12142857142857143,0.36758363522008275,0.13811672190699834,0.10146444896818772,0.19774879177440965,0.0004997501249375312,0.35,0.12235000000000001,0.004497751124437781,2000,20260926
element_pair,2023,random_forest_topology,280,34,0.12142857142857143,0.31232198512635634,0.1371636365426124,0.10105999902514731,0.2039098742945565,0.0004997501249375312,0.35,0.1213,0.0074962518740629685,2000,20260926
element_pair,2024,logistic_text,314,31,0.09872611464968153,0.25809931628520366,0.11354998700119918,0.08020164028615984,0.1762211980579951,0.0009995002498750624,0.35,0.09905000000000001,0.0024987506246876563,2000,20260926
element_pair,2024,logistic_text_hybrid,314,31,0.09872611464968153,0.22014240993058762,0.11389307208866721,0.08059169076437372,0.17032651362222948,0.001999000499750125,0.25,0.099475,0.035982008995502246,2000,20260926
element_pair,2024,logistic_topology,314,31,0.09872611464968153,0.24399780265453516,0.11272370487184627,0.08137325061755098,0.1695279252699688,0.0004997501249375312,0.2,0.098375,0.11694152923538231,2000,20260926
element_pair,2024,lsa_text_embedding,314,31,0.09872611464968153,0.07962604649095785,0.11412977625142061,0.08139085044408963,0.17598786189830054,0.9835082458770614,0.0,0.097475,1.0,2000,20260926
element_pair,2024,popularity,314,31,0.09872611464968153,0.24809062325721593,0.11104486732595421,0.0817073213208374,0.16223158784172664,0.0004997501249375312,0.3,0.09882500000000002,0.00849575212393803,2000,20260926
element_pair,2024,pu_logistic_hybrid,314,31,0.09872611464968153,0.20615638028146477,0.10816902242891223,0.07985329620458287,0.15374308477492957,0.0009995002498750624,0.2,0.0984,0.11944027986006997,2000,20260926
element_pair,2024,random,314,31,0.09872611464968153,0.11031326631404789,0.11364486759046374,0.08117095869640252,0.16927966182560375,0.4827586206896552,0.05,0.09820000000000001,0.88055972013993,2000,20260926
element_pair,2024,random_forest_chemistry,314,31,0.09872611464968153,0.26504177661958006,0.11389058241532356,0.08132138792827955,0.1721307872831799,0.0009995002498750624,0.3,0.099275,0.010994502748625687,2000,20260926
element_pair,2024,random_forest_hybrid,314,31,0.09872611464968153,0.24977957116370766,0.11440894758559438,0.08145084486914853,0.173818704363073,0.0009995002498750624,0.35,0.10060000000000001,0.00399800099950025,2000,20260926
element_pair,2024,random_forest_topology,314,31,0.09872611464968153,0.2678834450037545,0.11453771331415034,0.08163842935670573,0.17523320193143763,0.0004997501249375312,0.35,0.09967500000000001,0.0014992503748125937,2000,20260926
system,2021,logistic_text,52,2,0.038461538461538464,0.25,0.1084337964164047,0.03180296508847441,0.5333620689655171,0.09245377311344327,0.1,0.039,0.1329335332333833,2000,20260926
system,2021,logistic_text_hybrid,52,2,0.038461538461538464,0.5,0.10570429462437368,0.03219512195121951,0.5285924369747899,0.04047976011994003,0.1,0.038700000000000005,0.15342328835582209,2000,20260926
system,2021,logistic_topology,52,2,0.038461538461538464,1.0,0.1041751857853179,0.030869565217391304,0.532258064516129,0.001999000499750125,0.1,0.038799999999999994,0.14742628685657172,2000,20260926
system,2021,lsa_text_embedding,52,2,0.038461538461538464,0.11858974358974358,0.10596718843470339,0.03170102376137513,0.5344827586206896,0.21989005497251374,0.1,0.038775,0.1469265367316342,2000,20260926
system,2021,popularity,52,2,0.038461538461538464,0.5,0.06898387584637584,0.03311965811965812,0.17261904761904762,0.004997501249375313,0.1,0.037525,0.13393303348325838,2000,20260926
system,2021,pu_logistic_hybrid,52,2,0.038461538461538464,0.45,0.10602112610001362,0.03214616096207215,0.53125,0.03948025987006497,0.1,0.04075,0.16091954022988506,2000,20260926
system,2021,random,52,2,0.038461538461538464,0.03364389233954451,0.1059683310319832,0.03219512195121951,0.5303267045454544,0.9425287356321839,0.0,0.03922500000000001,1.0,2000,20260926
system,2021,random_forest_chemistry,52,2,0.038461538461538464,0.10555555555555556,0.10545357556122892,0.03151927437641723,0.53125,0.26286856571714146,0.1,0.03810000000000001,0.14192903548225888,2000,20260926
system,2021,random_forest_hybrid,52,2,0.038461538461538464,0.052564102564102565,0.10743636971275676,0.032033779597110165,0.5303519061583575,0.6191904047976012,0.0,0.038725,1.0,2000,20260926
system,2021,random_forest_topology,52,2,0.038461538461538464,0.11559139784946236,0.09869352678635264,0.03173076923076923,0.5294340463458109,0.20939530234882558,0.05,0.03835,0.6276861569215393,2000,20260926
system,2022,logistic_text,91,4,0.04395604395604396,0.20600429975429976,0.0881312077569965,0.033095308093448385,0.3050903678516383,0.06796601699150424,0.1,0.04425,0.20389805097451275,2000,20260926
system,2022,logistic_text_hybrid,91,4,0.04395604395604396,0.11433150183150184,0.08879838920196326,0.033317726339406516,0.31306643178104565,0.19140429785107446,0.05,0.044975,0.6516741629185407,2000,20260926
system,2022,logistic_topology,91,4,0.04395604395604396,0.1935956200662083,0.0804700540806636,0.03383557286977919,0.29463161148369343,0.054972513743128434,0.05,0.042475,0.6356821589205397,2000,20260926
system,2022,lsa_text_embedding,91,4,0.04395604395604396,0.08284615662286862,0.08631945960737562,0.033345430498479434,0.2979512241724645,0.3218390804597701,0.05,0.04445,0.6456771614192903,2000,20260926
system,2022,popularity,91,4,0.04395604395604396,0.3253588516746412,0.07832047696486535,0.036493477282950965,0.3034531258215469,0.018490754622688656,0.1,0.043075,0.19890054972513743,2000,20260926
system,2022,pu_logistic_hybrid,91,4,0.04395604395604396,0.10393772893772893,0.07362610638494284,0.033674260967852025,0.19166718576965672,0.14342828585707146,0.05,0.045725,0.6511744127936032,2000,20260926
system,2022,random,91,4,0.04395604395604396,0.05735631945309365,0.08589203781483933,0.03374304606849112,0.30772236539899583,0.5717141429285357,0.05,0.044075,0.6421789105447276,2000,20260926
system,2022,random_forest_chemistry,91,4,0.04395604395604396,0.41710220673635306,0.08630076115468378,0.03364369238786492,0.31318405798367266,0.005497251374312844,0.1,0.042600000000000006,0.18840579710144928,2000,20260926
system,2022,random_forest_hybrid,91,4,0.04395604395604396,0.20823412698412697,0.08706483043577082,0.03387325240488572,0.3010543937969924,0.06296851574212893,0.1,0.044575000000000004,0.2143928035982009,2000,20260926
system,2022,random_forest_topology,91,4,0.04395604395604396,0.3458730158730159,0.08619409627606399,0.03354914650291362,0.3062431318681318,0.012993503248375811,0.1,0.04287500000000001,0.20539730134932535,2000,20260926
system,2023,logistic_text,128,2,0.015625,0.18333333333333335,0.049364855372325545,0.012869311879408533,0.2603491654393714,0.03498250874562719,0.1,0.015625,0.0239880059970015,2000,20260926
system,2023,logistic_text_hybrid,128,2,0.015625,0.04880952380952381,0.04956816919581955,0.012990517307840567,0.26065011820330963,0.2413793103448276,0.0,0.016075000000000002,1.0,2000,20260926
system,2023,logistic_topology,128,2,0.015625,0.04642857142857143,0.04847263527187273,0.012891986062717771,0.20238095238095238,0.23888055972013994,0.0,0.0161,1.0,2000,20260926
system,2023,lsa_text_embedding,128,2,0.015625,0.0164821178566883,0.04900174888624999,0.013098229452152357,0.26193181818181804,0.8145927036481759,0.0,0.015575000000000002,1.0,2000,20260926
system,2023,popularity,128,2,0.015625,0.0375,0.04094301550588382,0.013307005494505496,0.1875,0.23938030984507747,0.0,0.01565,1.0,2000,20260926
system,2023,pu_logistic_hybrid,128,2,0.015625,0.04145299145299146,0.04299664210789375,0.01296846477140936,0.14943838254171987,0.28285857071464265,0.0,0.01585,1.0,2000,20260926
system,2023,random,128,2,0.015625,0.01368190620527069,0.05006176077074258,0.012768818007798936,0.26179110105580683,0.9455272363818091,0.0,0.015325000000000002,1.0,2000,20260926
system,2023,random_forest_chemistry,128,2,0.015625,0.10416666666666666,0.05039497914052403,0.013020478864186327,0.2625039556962025,0.10194902548725637,0.05,0.01565,0.28835582208895555,2000,20260926
system,2023,random_forest_hybrid,128,2,0.015625,0.03761214630779848,0.05039859582087608,0.013084865393979624,0.2666964285714284,0.335832083958021,0.0,0.01635,1.0,2000,20260926
system,2023,random_forest_topology,128,2,0.015625,0.025561706284597852,0.05248740859655467,0.01240079365079365,0.284546615581098,0.5247376311844077,0.0,0.016050000000000002,1.0,2000,20260926
system,2024,logistic_text,199,9,0.04522613065326633,0.11702003615133903,0.06808174118155631,0.0344018955601209,0.17361386752936817,0.07896051974012994,0.1,0.045475,0.23588205897051473,2000,20260926
system,2024,logistic_text_hybrid,199,9,0.04522613065326633,0.08492056897826533,0.06871575411043668,0.03467832124697228,0.1701840643163542,0.18790604697651175,0.05,0.045525,0.6291854072963519,2000,20260926
system,2024,logistic_topology,199,9,0.04522613065326633,0.10438190679999085,0.06862999033898104,0.03453462791763235,0.17991087157729913,0.12043978010994502,0.15,0.046200000000000005,0.051974012993503245,2000,20260926
system,2024,lsa_text_embedding,199,9,0.04522613065326633,0.05202562126301648,0.0690693889361465,0.03431619333565551,0.17722360848481167,0.5982008995502249,0.05,0.04565,0.6261869065467266,2000,20260926
system,2024,popularity,199,9,0.04522613065326633,0.19653752662004725,0.06326497101906127,0.0364269198949105,0.1681605040673451,0.0079960019990005,0.1,0.046275000000000004,0.23438280859570215,2000,20260926
system,2024,pu_logistic_hybrid,199,9,0.04522613065326633,0.086300528581554,0.059378119326671516,0.034865305856003094,0.11334636905482927,0.09195402298850575,0.05,0.0449,0.6211894052973513,2000,20260926
system,2024,random,199,9,0.04522613065326633,0.05976904909860829,0.06835795551047698,0.03526116788442036,0.17093417404679573,0.45977011494252873,0.0,0.04447500000000001,1.0,2000,20260926
system,2024,random_forest_chemistry,199,9,0.04522613065326633,0.09973502255544904,0.06803927590899297,0.03497503303184146,0.18084712674045647,0.12743628185907047,0.15,0.044075,0.04697651174412794,2000,20260926
system,2024,random_forest_hybrid,199,9,0.04522613065326633,0.15159504114341585,0.06911562096804993,0.034688116563122914,0.18330212775406016,0.053973013493253376,0.15,0.046200000000000005,0.051974012993503245,2000,20260926
system,2024,random_forest_topology,199,9,0.04522613065326633,0.18277401667490867,0.0686217163514444,0.03457941202947391,0.17294937998167667,0.018490754622688656,0.05,0.045700000000000005,0.6336831584207896,2000,20260926
