candidate_universe,k,actual_k,candidate_count,positives,prevalence,hits_at_k,precision_at_k,precision_wilson_95_low,precision_wilson_95_high,enrichment_at_k,hypergeometric_p
frozen_280_audit,10,10,280,6,0.02142857142857143,1,0.1,0.017876213095072896,0.4041500267952385,4.666666666666667,0.1976552141638949
frozen_280_audit,20,20,280,6,0.02142857142857143,1,0.05,0.008881448800795402,0.23613119344674205,2.3333333333333335,0.36162258825816235
frozen_280_audit,50,50,280,6,0.02142857142857143,4,0.08,0.03154951408859298,0.18838246918342838,3.7333333333333334,0.010357319657893639
frozen_280_audit,100,100,280,6,0.02142857142857143,4,0.04,0.01566330399154762,0.0983707143588792,1.8666666666666667,0.12286368898815159
frozen_280_audit,280,280,280,6,0.02142857142857143,6,0.02142857142857143,0.009857032458149666,0.04595390822159563,1.0,1.0
wos_history_eligible_reranked,10,10,274,6,0.021897810218978103,1,0.1,0.017876213095072896,0.4041500267952385,4.566666666666666,0.20162461767857667
wos_history_eligible_reranked,20,20,274,6,0.021897810218978103,2,0.1,0.027866481213768224,0.3010336452284873,4.566666666666666,0.06367326078115434
wos_history_eligible_reranked,50,50,274,6,0.021897810218978103,4,0.08,0.03154951408859298,0.18838246918342838,3.6533333333333333,0.011223316622428047
wos_history_eligible_reranked,100,100,274,6,0.021897810218978103,4,0.04,0.01566330399154762,0.0983707143588792,1.8266666666666667,0.13180468995047434
wos_history_eligible_reranked,280,274,274,6,0.021897810218978103,6,0.021897810218978103,0.010073695210009791,0.04694248548502991,1.0,1.0
wos_history_eligible_five_or_more,10,10,242,6,0.024793388429752067,1,0.1,0.017876213095072896,0.4041500267952385,4.033333333333333,0.22579292980878224
wos_history_eligible_five_or_more,20,20,242,6,0.024793388429752067,3,0.15,0.052368745896216595,0.36041886474075696,6.05,0.008291829030574713
wos_history_eligible_five_or_more,50,50,242,6,0.024793388429752067,4,0.08,0.03154951408859298,0.18838246918342838,3.2266666666666666,0.017725382743774984
wos_history_eligible_five_or_more,100,100,242,6,0.024793388429752067,4,0.04,0.01566330399154762,0.0983707143588792,1.6133333333333333,0.19512441795447308
wos_history_eligible_five_or_more,280,242,242,6,0.024793388429752067,6,0.024793388429752067,0.011411458103998854,0.053026244538532996,1.0,1.0
