path,bytes,sha256
.github/workflows/tests.yml,334,455120d03117dcc5e0d7e968e615946300a0a05aa3513dd7592d8db3c43a1a5b
.gitignore,341,79a4ea12aef7f802c3bbfb696e5b24676599ad8be4f588f9bc70555018f7d910
configs/co2rr_expanded_coverage_audit.yaml,1330,5e220cd984e9b40843bbb481d092fb7a9250036802a427be1c2a8f62bc7b39f1
configs/project.yaml,2497,e86a13fdeed9a075e142e91f7c7443504642306c3136d6070d71e135e757eab4
configs/project_2026_validation.yaml,1540,61feb1e96c819c3fb0b18dce7a088c70f05c30afebff0cf61d15ccea9ff8c1be
configs/project_rolling_one_year.yaml,1040,e6c466c798b8ce83a6c5439453f3a8933e582227f04e3fc4c4621473517fb832
data/discovery_events.csv,17123,0b293808a8008576c0abff0faf1dff9f5d51be33ab8403f0160d016a15f4206f
data/discovery_events_summary.json,248,96ba106ebd36aa820e6dcb2be98cefd0b8ff9f7df1509ee82a2b4d66967da21d
data/frozen_candidates.csv,133540,8410f93768cd9b60dfa39d46fbc4b663dcf45d02eecfd948d3f3510b55caccd9
data/performance_conditions.csv,4832,1e0b49ed2f740d17c62079b7c19698f0c9754276ed5926511b63fe7b32d7204e
data/ranked_candidates_with_labels.csv,134140,e7c7e94bd40ceaa1f55fa2ab43268f20dec71425f0c3e93eef761e416824b535
data/README.md,616,fae8ae62e28389ad4cc7f1e7de0ee52f7b71b4232a1e22fd27aed2d54b758d67
data/two_reviewer_labels_public.csv,2873,bf22e090a593874058b607bb3369079c1083b63c792bd18392f8123e7ccd87c7
DATA_LICENSE.md,821,361b5feb4837965ca1b3e9dbe5684b23d1975590dcf9ffc13f2244f4a5eb259f
docs/annotation_protocol.md,3007,1ef0478d12b11747ff0577ca901a02a1d9c7456afab8fa04f4cd0a288dd8817b
docs/data_dictionary.md,1393,d81676dbf9c7a49f1731c2f389076aea1cbf0bfea296be3debf74f4fa935e15b
docs/study_protocol.md,3404,253141b7a1cdc80f30c2d3e424bcdf7edb4a6fc2ebd6f0f4ef2fdd11eaa03544
docs/upstream_provenance.md,1599,df75cd5074c3572e838a48741bfb1b95dc82d5fb138ce2cf08ed0122cd99b0de
LICENSE,35149,3972dc9744f6499f0f9b2dbf76696f2ae7ad8af9b23dde66d6af86c9dfb36986
NOTICE,1016,a8b59de9c5277d653079ae9c31ecb96ebaee1d7ff374e635f656c575fa38c33d
pyproject.toml,910,c6399326d311cfa9fc964820e070f3cd3f8281b9a9300e1d6d27584cadf1e0b8
README.md,2390,45ef1b1f54b5d4b059b26978cd9f3f50891008aa6403b4380d5411c781ec189c
results/chemistry/candidate_chemistry_screen.csv,440042,2a5ee9dbfde8926b84e638d62804964cd1c96bb6f2964d588b511143689d3c75
results/chemistry/candidate_chemistry_screen_summary.json,262,1afd60c002b769efd590e1feac3ed4d17a5b2231bc7ce38a297bb5ebeae559b7
results/figures/figure1_workflow.png,204253,5c840e6011f2426fa44b3e547695456803b4dd0df01dc2ca7f9b416c8999c4ad
results/figures/figure2_corpus_growth.png,240525,312eb4445d684874c3b684a1a87f5332338140b196c968f1c2fbf70b23ff66e1
results/figures/figure3_rolling_model_comparison.png,298781,cc53c03f36376770af8a5a55b8def528eb2ecf99cfcff5cc9b250663623f8e4a
results/figures/figure4_locked_validation.png,326214,30dd01b41543621aa42a2e577c4af27cdbfede6a3719f950dfbefc41d9df2c40
results/figures/figure5_fulltext_evidence.png,250612,4ba00ef403c71f19f455afcdb17d01112e091414dd3128de8122c561b0f9f45c
results/figures/figure6_exploratory_robustness.png,252264,3be4ec28922c9256d9a4d99cc45273654f9f1278ef25a83028060a9a55cd8729
results/figures/figure_model_comparison.png,333060,ae4eb21c67c87f198f44261505dbbdaf864d7d6f6e1408723fa13521712a116c
results/method_comparison/excluding_co2rr_endpoint_sensitivity.csv,2740,3248d0f71fefad641f149c58b461090e09a67681e05176679c1b73b56cadd9c7
results/method_comparison/excluding_co2rr_model_summary.csv,1536,924408ea23f4a8085300dc8962c645a9049a212951c59c98946d4e4a20093712
results/method_comparison/representative_method_comparison.csv,733,6ecf628a9f974a49502c1d65e10622dac8a14675a08ed8852dbf2738b5015b9f
results/method_comparison/semantic_baseline_summary.csv,1453,cea907fd006cfff7e126adb46aee3293fe63870c1a2cbaeffae58132f5cab324
results/method_comparison/topk_multiplicity_adjusted.csv,2055,8d7e7a94d9b11e21aeaf87bc67525ee6a7a1238b15c574e3d76f1083e56a2e2c
results/README.md,564,9ec569d398dfac1b12ea640f4e5d3c0db5be6582456a0899d29252a0b19247ad
results/reliability/crossref_publisher_verification.csv,2643,a12bcb3b740f8dd2b7a6b1b7391a29f80804410a7c3dff6334a7b6a5c91f253f
results/reliability/historical_randomisation_audit.csv,18846,3585a4911378f40dc0655e8cae7f7ba3e366eb4e8318bb51c0190d5108922100
results/reliability/historical_randomisation_audit_summary.json,305,c7c4527b7949f9338ad28a63e0d53896671b223ffd7357056b1ab834bd12acdb
results/reliability/human_human_agreement_by_field.csv,357,5ff03a24c33579b39e62315ff9bd218d90d6d3c83b669f65792099a7fe8f0ce3
results/reliability/human_human_agreement_summary.json,831,aa56d59a872f41b08731d08b6345dc5a778e18714e4c0f50f20a9b7dd790ce00
results/reliability/multi_seed_aggregate_summary.csv,2226,59014f08c2a523dd3d33ed49df599a02a29453788a44242d0a799d2ef357589a
results/reliability/multi_seed_window_summary.csv,7009,f93ec992ae47077f8a05aceb4c68a51752a1b9a69c056a483af6d51c096518e8
results/reliability/permutation_null_summary.csv,2210,96dfbce29158854d5249a249b0853bd2dcfca17a5665774c2422a3665bb2eb7d
results/reliability/two_reviewer_label_sensitivity_counts.csv,229,89adcf59b8c99952e4768afbae1ef5684a4627addeadc8c78aa9ae408b3e83be
results/reliability/two_reviewer_label_sensitivity_topk.csv,1765,bbcff0fc20461721649f46f1eef1c7768c811cb95e39689ac1c85bd03290be24
results/temporal/dual_endpoint_observed_relations.csv,1604,6a942d2a6802f6baeb0c2b84e6210b31e87aa55a0358ab2688dabea061452d99
results/temporal/dual_endpoint_summary.json,917,1d104a4d31a71537eb74d4572ed9d43943010a49874aff21a8141db3be18b3c7
results/temporal/dual_endpoint_topk_metrics.csv,1596,64d4538bfb5425a59819721a0465d0bdbf385b1481e219d001bb6de583e35253
results/temporal/rolling_metrics_all.csv,29558,2514cc10ed9c9c29d2d971be183802f477922a99635b69439be834e773daea8b
results/temporal/rolling_metrics_summary.csv,2389,e1670a82211eafb8b886cf436ad3181fb8a4babe325688f827ae53ffdc28329c
results/validation/accepted_matches_element_pair.csv,74198,b5fb974e5c32d602d87230c48192f56fc890df1c9ff38bb1617293a69defc4c8
results/validation/accepted_matches_system.csv,17991,1f13cb0189c1d6617605d7f71d2ca4e0f270740473a02147dfdaf0c150878fb7
results/validation/endpoint_definition_sensitivity.csv,3138,09c44e7eb40f9deb3c8ceb1ce6681c2659171447b9bf982357777c29f0eeb7bc
results/validation/evidence_cards.csv,2735,59c7ac0fcb35a0092316c4226222b84fb8c7de558bf340cb5de40d927edb7e3c
results/validation/machine_human_agreement.json,265,65dbf874a0a8b86516faa52923ac0713c2d8442ec871e36625539564dfb81101
results/validation/robustness_summary.json,1767,97eef056aef7a88ec68691d628a0dfab069364341b2f42506df18cbc1e43da08
results/validation/summary.json,602,3b16e8c5dfaccab4e787f4da0edba978a6d8f76cd2f70621dd1200ca85f3a2bc
results/validation/topk_significance.csv,2711,32ec9df6ac98646300c41e0c3905e08ff76391a4f688e7a3337b1ff2a72b2ff9
results/wos_audit/automatic_validation_summary.json,2152,85a4e7e8f2adb1841d814ba2a541593da7731738f70ac2f33b19c3246bb5ea34
results/wos_audit/endpoint_sensitivity.csv,3309,6fc0a861d9de5c62001dd721f8e5f4e75759828bb59f6bab1bb4ae6715f8288a
results/wos_audit/finalization_status.json,555,4cd1ea3802166f08b121cae9ef0fa60ef2bc4908bf43c3af81a501c57344f8ef
results/wos_audit/historical_blinded_review_public.csv,3242,98a468057af574291bc8b2dc6e153e508ea4de525b89f4568595fb324658c90d
results/wos_audit/historical_event_additions_public.csv,772,cb1b1a0ee99cf44e4ff9710440035ef605287ed6047051ff2522c6ab8c73e12e
results/wos_audit/independent_topk_metrics.csv,2325,4be9f14486cd79eb540330e6c76eae58e276a8657f88cfc7439e34eeee3fe64f
results/wos_audit/outcome_blinded_review_public.csv,3534,06f95cf294443f9d4fd40b29048ba2149c3159a78df8012e2a11e4793e041b34
results/wos_audit/stress_test_summary.json,917,ffe26b9e70f374cfe7b84db1b7affb984a3b8afda8fd322612501455118a682d
src/hea_forecast/__init__.py,72,96a3f1620a8e6597e60d9e26619517565a28535d74643874165b8256b16a0a80
src/hea_forecast/advanced_analysis.py,12861,6d2fb493d65f4a5e3c22bb0b3bd06c47d845a375ad4792c987313557b08a67fc
src/hea_forecast/annotation.py,6738,599f5d2ba7a02ca3a93d9ea51a28cb20268b5ee63acb08523fb31919b40c7eed
src/hea_forecast/audit.py,4564,19935ff2afd95e95444ebd1652ccaa2b7cda67b9626ebaa65fb07f60e1c3b2f0
src/hea_forecast/chemistry.py,3782,6e305859dca6a848f96cb263e212e598ba392e92075fb63770b48573534a7e35
src/hea_forecast/cli.py,17366,4b100b052c3ca39e7d41d25929a24cb221951a9a9672c471ea3beec831aa7b61
src/hea_forecast/config.py,463,dede2097cf51f52148b38d5b02f55eef91a1f9307c1c3b29b18042b39ade4cc0
src/hea_forecast/deduplication.py,2944,3b947a97936a74c50389f9a6bc58ee4550d22ef4bb05a769e5bf3e861e6d4534
src/hea_forecast/elemental_features.py,6614,cdfd9079c09f170bd5d7884eb994b3cb1d5f48fee21c348f403bd075894cdf20
src/hea_forecast/extraction.py,5237,a6be516b076cdde16e86318ddbcc1aba97ef400277c8eddd7ff9c8c030fff9f5
src/hea_forecast/human_validation_reporting.py,2010,8735fba1693736c674384d2bfe1a8906d59036c1a771953eabff3d2f02fdba29
src/hea_forecast/modeling.py,17270,7f29f76b0e7741eaafddcfb2712b5285c1430ec18ac9ffaf81c893229db7b181
src/hea_forecast/no_dft_upgrade.py,12496,2b038404626f993f5edb51291a7f55811ca93c0f1f8db1f7fcb74d0773d84bcd
src/hea_forecast/openalex.py,13785,bcea5288e3e29d568dc4e703dce2128b33d9f4bbefa7f9d185ca6b3991cc2941
src/hea_forecast/robustness_analysis.py,30286,6124834f29a55d7af6db718c31c292ae292cbea0ab586566961f362561105533
src/hea_forecast/survival.py,8431,a50ac43a5a077ce480b9fb1be7ad53491bd5a53b508975ed1bd206827aefe0e7
src/hea_forecast/temporal.py,16836,d9fde5f89fc487c88d98e30bb9647eed2dde35d2de22c864797cd51fa891e95c
src/hea_forecast/upgrade_reporting.py,5793,d517c2604b7ab2c8f5ca8e43c95be4deb1058eca50f1ad3547e6f79ef2604fff
tests/test_annotation.py,1161,eb7568ad87fdd2b0f2882311bf6e00001ab82da6e7109bc605f3bc5dd4b36150
tests/test_annotation_compile.py,2042,8701f032ad3cfe4070350da85dc4c709c8a643e2740fb8e5c7c711e4dbbe7c8f
tests/test_audit.py,1839,acc91939db28aac9753fbad569a7a74f53c8b0e3451f448703ad26d03d03fb5a
tests/test_chemistry.py,991,3a9d3bae54aa447a4ff04aee07b9123e03d559168f1b363d9b0f498123766504
tests/test_config.py,553,98c025fd4c58df41f0638517e0d905a451b601b9a827fe7e0916736872a53795
tests/test_deduplication.py,1005,8f333195432cb085aeeef0c318238c0c17415247f6ea222c7ee9e2944a002add
tests/test_elemental_features.py,1031,b7f00f2c7972cf7ae94d1c8d0533d88021baa292fc6f2fca0e398211f14e2f20
tests/test_historical_supervision.py,859,fc4e176254a9d88937fee4a0d6bc9f29f10bb43acc9158b22b78973b4bfc2782
tests/test_modeling.py,928,38cff553ff929fb899b380825524ee30f47f3233c8a802e29e3c19e0cff3cdd5
tests/test_no_dft_upgrade.py,2164,9dd9fc8fe0abccecdcfc10697e1398db2b07570f4288280efb17fecc00bcddac
tests/test_openalex.py,431,7c99b6b89df58a22bb00758a4b420326dd7123584c4f0c784a4e9e5e00c73a58
tests/test_openalex_recovery.py,849,0cc61ad236a7591161c899f518cf6a3f61f9cd055b0a0f31d1e76b7294387034
tests/test_robustness_analysis.py,2069,2008918123b1a164879b5bfcd27a74edb1efbe185755f144230481a1b0fd4852
tests/test_survival.py,953,7fa17210c246b18d5542238bd7a15483ee6dc197226765330f757426a68a53f8
tests/test_temporal.py,3824,acd59c76b2688560577e0b52d423997be92e4b6119cdf739b3411a487a786bb3
tools/audit_external_bibliographic_corpus.py,11595,0e6b81dca3fc3538c7cce3ccda0a2438bdf2291b26e55cb822c8f06f71a0b635
tools/build_no_dft_upgrade_figures.py,2746,a16d4491ae1153b2be72a37b5697c60d228a15063ea383c4bb443825a05e8cc6
tools/build_temporal_robustness_upgrade.py,11003,064dfc7af95f64d9a0f458a031f6053699251c796e3eba261dc53733db14300c
tools/build_third_version_dual_endpoint.py,6582,dc7cfb6160d1e910cfffb8175aad3f9506c3ae4c096bed71c764e95b695c0a18
tools/build_wos_independent_validation.py,22113,80cca37141cd7da89fed1047053d788ccd73d23857044671d7ffa9d83f854601
tools/build_wos_robustness_upgrade.py,9628,2343642508ffdb06fbfc7e9e40db35f8c40e6ac4abaef84569a8cb7e2a76dc0a
tools/calculate_human_human_agreement.py,6853,3b444cae254c07606d74390e825c0443a1786dbbdbea239e79496212410727b0
tools/finalize_wos_independent_validation.py,13915,852a19da570b0ffdbe31371052befc630b79203789081c8d004cf4a6bd1b7128
tools/plot_selected_figure_data_simple.py,6764,8533da9dedda50c7c6936e14e88d4ae4018ac78bf2fa688f175c1e83021a7796
tools/run_reliability_upgrade.py,14366,93e135474da1920f810ac29cecd5d06e8b61244a32fc057f1d6bed5b2bddbe2f
