entity_level,model,windows,seeds,mean_pr_auc,between_seed_sd_pr_auc,hierarchical_bootstrap_pr_auc_ci_low,hierarchical_bootstrap_pr_auc_ci_high,mean_precision_at_20,between_seed_sd_precision_at_20,hierarchical_bootstrap_precision_at_20_ci_low,hierarchical_bootstrap_precision_at_20_ci_high,bootstrap_repetitions
element_pair,random_forest_topology,5,5,0.3539971232030838,0.006920707051210665,0.2647071638994017,0.4477410200119325,0.39399999999999996,0.02073644135332773,0.25,0.55,2000
element_pair,logistic_topology,5,5,0.35001609709112746,0.0,0.25555150853126396,0.4840973932627837,0.3,0.0,0.22999999999999998,0.41,2000
element_pair,popularity,5,5,0.3401783470206524,0.0,0.2725619090693724,0.4043284548363153,0.30999999999999994,0.0,0.26,0.36,2000
element_pair,random_forest_chemistry,5,5,0.331789807666936,0.005765884051966656,0.2857699133758998,0.3777956245163086,0.324,0.011401754250991363,0.27,0.39,2000
element_pair,random_forest_hybrid,5,5,0.2947109440907147,0.0009571356891962449,0.25882920320653885,0.33047296678945814,0.31999999999999995,0.01224744871391589,0.26999999999999996,0.37,2000
element_pair,random,5,5,0.12264757447089909,0.010958634090874164,0.0827133865294055,0.15915081360402555,0.09,0.015811388300841903,0.04,0.13999999999999999,2000
system,logistic_topology,4,5,0.33610152457369263,0.0,0.07540523911428114,0.7760954766999977,0.07499999999999998,0.0,0.025,0.125,2000
system,popularity,4,5,0.2648490945736721,0.0,0.10946471291866028,0.4241343816550118,0.07500000000000002,0.0,0.025,0.1,2000
system,random_forest_chemistry,4,5,0.16010988490466174,0.004323461463508514,0.07346086865314232,0.30780777683056243,0.07250000000000001,0.013693063937629157,0.037500000000000006,0.1,2000
system,random_forest_topology,4,5,0.14896695892991133,0.016646440268238118,0.06453052918651485,0.24812150589220544,0.05250000000000001,0.005590169943749473,0.0125,0.09999999999999999,2000
system,random_forest_hybrid,4,5,0.10598289706356226,0.004535670509795746,0.0405373457599353,0.18760550044762744,0.05250000000000001,0.010458250331675942,0.0,0.1125,2000
system,random,4,5,0.08504558861799316,0.029773525038144615,0.036126221892932575,0.16515124310993698,0.03500000000000001,0.016298006013006624,0.0,0.075,2000
