entity_level,cutoff_year,model,seeds,pr_auc_mean,pr_auc_sd,pr_auc_min,pr_auc_max,precision_at_20_mean,precision_at_20_sd
element_pair,2020,logistic_topology,5,0.248811130670387,0.0,0.248811130670387,0.248811130670387,0.3,0.0
element_pair,2020,popularity,5,0.25540063394290385,0.0,0.25540063394290385,0.25540063394290385,0.25,0.0
element_pair,2020,random,5,0.15180150862036873,0.028911884590579567,0.12308307372270386,0.18754371719315677,0.1,0.035355339059327376
element_pair,2020,random_forest_chemistry,5,0.34333270412748423,0.012572187476435879,0.33125088991261076,0.3614136477815926,0.35,0.0
element_pair,2020,random_forest_hybrid,5,0.32364392510980944,0.014639687018811423,0.3079211832803448,0.33868632359680245,0.3,0.035355339059327355
element_pair,2020,random_forest_topology,5,0.4939266108589527,0.0029219150872513877,0.49060204257745965,0.4969860036653206,0.6,0.0
element_pair,2021,logistic_topology,5,0.2873263479906235,0.0,0.2873263479906235,0.2873263479906235,0.25,0.0
element_pair,2021,popularity,5,0.41212089813921715,0.0,0.41212089813921715,0.41212089813921715,0.35,0.0
element_pair,2021,random,5,0.16187628049745967,0.027861303467166535,0.13391105896012642,0.1906783689334621,0.12,0.057008771254956896
element_pair,2021,random_forest_chemistry,5,0.27769749368960006,0.009261143257735362,0.2681533354664069,0.29072518317434,0.25,0.0
element_pair,2021,random_forest_hybrid,5,0.3075756205516804,0.006956646118690891,0.30133168521075776,0.31936087838728955,0.32999999999999996,0.02738612787525829
element_pair,2021,random_forest_topology,5,0.46512165563695945,0.014169247343127904,0.4484409979298998,0.4825649368402813,0.5599999999999999,0.08215838362577493
element_pair,2022,logistic_topology,5,0.6032719797596457,0.0,0.6032719797596457,0.6032719797596457,0.25,0.0
element_pair,2022,popularity,5,0.42945254881730294,0.0,0.4294525488173029,0.4294525488173029,0.25,0.0
element_pair,2022,random,5,0.05296747134031432,0.018344979102029545,0.03692388190158574,0.07362589515714264,0.030000000000000006,0.0447213595499958
element_pair,2022,random_forest_chemistry,5,0.40795769661984327,0.008798660320798759,0.396089855249338,0.4177438644120812,0.3,0.0
element_pair,2022,random_forest_hybrid,5,0.25125822597140796,0.011814990912018897,0.2344788715023974,0.2642518780758143,0.22999999999999998,0.027386127875258293
element_pair,2022,random_forest_topology,5,0.2435516838523335,0.02064728198863387,0.22086296912832926,0.26458038823005836,0.15,0.0
element_pair,2023,logistic_topology,5,0.36667322438044636,0.0,0.36667322438044636,0.36667322438044636,0.5,0.0
element_pair,2023,popularity,5,0.3558270309466223,0.0,0.3558270309466223,0.3558270309466223,0.4,0.0
element_pair,2023,random,5,0.13443937274559165,0.022655034932437385,0.11724937088763879,0.1641697534184205,0.11000000000000001,0.0651920240520265
element_pair,2023,random_forest_chemistry,5,0.3638766198482237,0.005588998404922354,0.3566391001278284,0.37141042761358983,0.44000000000000006,0.041833001326703756
element_pair,2023,random_forest_hybrid,5,0.34768453834517116,0.010681074024722566,0.3376624123531204,0.36473757926494726,0.37,0.027386127875258334
element_pair,2023,random_forest_topology,5,0.3085675220798022,0.00574365662085442,0.3015075951378243,0.3154629304348408,0.31999999999999995,0.027386127875258293
element_pair,2024,logistic_topology,5,0.24399780265453516,0.0,0.24399780265453516,0.24399780265453516,0.2,0.0
element_pair,2024,popularity,5,0.24809062325721593,0.0,0.24809062325721593,0.24809062325721593,0.3,0.0
element_pair,2024,random,5,0.11215323915076117,0.016089317590815142,0.09752364163952723,0.1370160430529396,0.09,0.054772255750516606
element_pair,2024,random_forest_chemistry,5,0.26608452404952865,0.012167406782142651,0.251832686880577,0.28226131527974785,0.27999999999999997,0.0273861278752583
element_pair,2024,random_forest_hybrid,5,0.24339241047550444,0.0031727320018643235,0.2384502127190593,0.24644659610240335,0.37,0.02738612787525833
element_pair,2024,random_forest_topology,5,0.2588181435873711,0.005882572997651266,0.25227178219968793,0.2678834450037545,0.33999999999999997,0.02236067977499789
system,2021,logistic_topology,5,1.0,0.0,1.0,1.0,0.1,0.0
system,2021,popularity,5,0.5,0.0,0.5,0.5,0.1,0.0
system,2021,random,5,0.06834095713891111,0.02444868277275151,0.03364389233954451,0.10084033613445378,0.030000000000000006,0.027386127875258306
system,2021,random_forest_chemistry,5,0.10885872010013886,0.012801688663711312,0.08846153846153847,0.12222222222222222,0.08,0.027386127875258306
system,2021,random_forest_hybrid,5,0.041466403626033606,0.0020358646270198797,0.039285714285714285,0.04470046082949308,0.0,0.0
system,2021,random_forest_topology,5,0.11026113671274962,0.01655531579629206,0.09166666666666667,0.13571428571428573,0.05,0.0
system,2022,logistic_topology,5,0.1935956200662083,0.0,0.1935956200662083,0.1935956200662083,0.05,0.0
system,2022,popularity,5,0.3253588516746412,0.0,0.3253588516746412,0.3253588516746412,0.1,0.0
system,2022,random,5,0.11487290565148744,0.10459523547607835,0.03228981557921838,0.29218346253229976,0.06,0.054772255750516606
system,2022,random_forest_chemistry,5,0.38042736196137994,0.019502890758153767,0.3638157894736842,0.4126623376623377,0.1,0.0
system,2022,random_forest_hybrid,5,0.2234249435847399,0.01840849161988876,0.19878899835796388,0.24422031868840377,0.13999999999999999,0.022360679774997894
system,2022,random_forest_topology,5,0.2743038250107044,0.06724749238000693,0.2203846153846154,0.3494755244755245,0.11000000000000001,0.022360679774997894
system,2023,logistic_topology,5,0.04642857142857143,0.0,0.04642857142857143,0.04642857142857143,0.0,0.0
system,2023,popularity,5,0.0375,0.0,0.0375,0.0375,0.0,0.0
system,2023,random,5,0.10633807702810463,0.10766165726091453,0.01368190620527069,0.2590909090909091,0.030000000000000006,0.027386127875258306
system,2023,random_forest_chemistry,5,0.07645885093896701,0.0197989349261346,0.05148883374689826,0.10555555555555556,0.06000000000000001,0.041833001326703784
system,2023,random_forest_hybrid,5,0.04042634547770974,0.006486413497335417,0.033121356650768416,0.05057471264367816,0.0,0.0
system,2023,random_forest_topology,5,0.02790586946755223,0.001753385513001831,0.025561706284597852,0.03028233151183971,0.0,0.0
system,2024,logistic_topology,5,0.10438190679999085,0.0,0.10438190679999085,0.10438190679999085,0.15,0.0
system,2024,popularity,5,0.19653752662004725,0.0,0.19653752662004725,0.19653752662004725,0.1,0.0
system,2024,random,5,0.050630414653469534,0.011533625121995149,0.0403732778912487,0.06586728731903405,0.02,0.02738612787525831
system,2024,random_forest_chemistry,5,0.07469460661816126,0.0021537811931170796,0.07218043654200576,0.0772230467599262,0.05,0.035355339059327376
system,2024,random_forest_hybrid,5,0.1186138955657657,0.0022500001728194556,0.11634858077704521,0.12127779384070854,0.07,0.02738612787525831
system,2024,random_forest_topology,5,0.18339700452863905,0.0038637129619721764,0.17851318020498252,0.1893249807717498,0.05,0.0
