entity_level,scope,k,observed_hits,null_mean_hits,null_sd_hits,null_q025,null_median,null_q975,exceedances,permutations,permutation_p_recomputed,exact_hypergeometric_p
system,all_primary_and_preprint,10,2,0.2155,0.45064404800884755,0.0,0.0,1.0,162,10000,0.016298370162983702,0.0159922437859087
system,all_primary_and_preprint,20,3,0.4247,0.6302139533227555,0.0,0.0,2.0,57,10000,0.0057994200579942,0.0054690138764569
system,all_primary_and_preprint,50,5,1.0699,0.9278470132559574,0.0,1.0,3.0,6,10000,0.0006999300069993001,0.0007935043286289
system,all_primary_and_preprint,100,5,2.1711,1.1679731187491482,0.0,2.0,5.0,257,10000,0.025797420257974202,0.0232494952488902
system,peer_reviewed_articles_only,10,2,0.1813,0.41188259823337126,0.0,0.0,1.0,100,10000,0.0100989901009899,0.0108701675534467
system,peer_reviewed_articles_only,20,2,0.3623,0.5769506020446811,0.0,0.0,2.0,450,10000,0.04509549045095491,0.0426294637021153
system,peer_reviewed_articles_only,50,4,0.897,0.8463230035055329,0.0,1.0,3.0,39,10000,0.003999600039996,0.0039814427717171
system,peer_reviewed_articles_only,100,4,1.7833,1.064168386786388,0.0,2.0,4.0,562,10000,0.05629437056294371,0.0564542264953106
element_pair,all_primary_and_preprint,10,2,0.5403,0.7011598052564413,0.0,0.0,2.0,944,10000,0.09449055094490551,0.0983895699609125
element_pair,all_primary_and_preprint,20,4,1.0847,1.0036068117860033,0.0,1.0,3.0,198,10000,0.0198980101989801,0.0185181916450211
element_pair,all_primary_and_preprint,50,6,2.708,1.5075023238209726,0.0,3.0,6.0,429,10000,0.042995700429957005,0.043518013659665
element_pair,all_primary_and_preprint,100,12,5.4419,2.0050003472915567,2.0,5.0,10.0,24,10000,0.0024997500249975004,0.0025780427584024
element_pair,peer_reviewed_articles_only,10,0,0.3948,0.6066051079373611,0.0,0.0,2.0,10000,10000,1.0,1.0
element_pair,peer_reviewed_articles_only,20,1,0.7843,0.8583980397924216,0.0,1.0,3.0,5541,10000,0.5541445855414459,0.5592900431282869
element_pair,peer_reviewed_articles_only,50,3,1.9445,1.290808416705153,0.0,2.0,5.0,3056,10000,0.3056694330566943,0.3121342652901995
element_pair,peer_reviewed_articles_only,100,5,3.944,1.715097127225039,1.0,4.0,7.0,3585,10000,0.3585641435856414,0.3534195348956332
