entity_level,model,windows,mean_pr_auc,sd_pr_auc,median_precision_at_20,mean_brier,mean_ece
system,logistic_topology,4,0.33610152457369263,0.44671897188944104,0.07500000000000001,0.14954947553266934,0.2883221837076471
system,popularity,4,0.2648490945736721,0.19605395528356587,0.1,0.2072050273155281,0.349658172764984
system,logistic_text,4,0.189089417309743,0.05544769467729204,0.1,0.18121906644828706,0.32791228387468124
system,logistic_text_hybrid,4,0.18701539865482272,0.210369934183462,0.05,0.06423341928365298,0.12877653431356378
system,random_forest_chemistry,4,0.18163986287850603,0.1569945181585096,0.1,0.08302892966962812,0.20260192085327236
system,pu_logistic_hybrid,4,0.17042281224306857,0.1882316334548521,0.05,0.1687644110128867,0.2629733116384825
system,random_forest_topology,4,0.16745003417049614,0.13526665096609078,0.05,0.037902233790522426,0.04792350191127385
system,random_forest_hybrid,4,0.1125013542498609,0.08143289207716449,0.05,0.04544158008001703,0.08391515403099717
system,lsa_text_embedding,4,0.0674859098330792,0.04354287666470291,0.05,0.23126225777007742,0.43077612207400995
system,random,4,0.04111279177412923,0.02175734412920699,0.0,0.3333179714038115,0.4708582669863534
element_pair,random_forest_topology,5,0.3612895247995195,0.11171024254217285,0.35,0.09652967287386809,0.08810806858383946
element_pair,logistic_topology,5,0.3500160970911275,0.14985687390097777,0.25,0.12935400692915752,0.1435705459800891
element_pair,logistic_text,5,0.34481522033285966,0.10760495519864045,0.35,0.1159845551727843,0.12562326429593046
element_pair,popularity,5,0.3401783470206524,0.08523189628759198,0.3,0.12584465957335206,0.14982448727270822
element_pair,random_forest_chemistry,5,0.3260500208977864,0.0553720122990259,0.3,0.09117408159068682,0.06445717296372656
element_pair,random_forest_hybrid,5,0.29790916757962027,0.05189747631087674,0.35,0.09258449212997531,0.06451115732404492
element_pair,logistic_text_hybrid,5,0.24557285896276942,0.05184223655261441,0.3,0.10595211882862388,0.08503488446402843
element_pair,pu_logistic_hybrid,5,0.2249487416582065,0.06531962711434217,0.25,0.14931178801199874,0.1396048381554802
element_pair,lsa_text_embedding,5,0.1193895809415225,0.07005137017530083,0.0,0.20882079200171572,0.27316545603821285
element_pair,random,5,0.10598840054668071,0.036070776209871355,0.05,0.33043118184593895,0.40128382825584924
