cutoff_year,model,roc_auc,pr_auc,ndcg,mrr,prevalence,brier_score,log_loss,expected_calibration_error,precision_at_10,recall_at_10,enrichment_at_10,precision_at_20,recall_at_20,enrichment_at_20,precision_at_50,recall_at_50,enrichment_at_50,precision_at_100,recall_at_100,enrichment_at_100,pr_auc_ci_low,pr_auc_ci_high,precision_at_20_ci_low,precision_at_20_ci_high,pu_label_propensity,entity_level
2021,random,0.15,0.0336438923395445,0.2233818832525432,0.0238095238095238,0.0384615384615384,0.375848177497551,1.0761170068475914,0.5133983915683099,0.0,0.0,0.0,0.0,0.0,0.0,0.04,1.0,1.04,0.0384615384615384,1.0,1.0,0.0303970588235294,0.1093241825493967,0.0,0.0,,system
2021,popularity,0.98,0.5,0.7853208594776601,0.3333333333333333,0.0384615384615384,0.215594037297064,0.5929899231849374,0.3833778740141183,0.2,1.0,5.2,0.1,1.0,2.6,0.04,1.0,1.04,0.0384615384615384,1.0,1.0,0.2857142857142857,1.0,0.1,0.3,,system
2021,logistic_topology,1.0,1.0,1.0,1.0,0.0384615384615384,0.1383014108133768,0.4266790944612228,0.3066215023563499,0.2,1.0,5.2,0.1,1.0,2.6,0.04,1.0,1.04,0.0384615384615384,1.0,1.0,1.0,1.0,0.1,0.4,,system
2021,random_forest_topology,0.66,0.1155913978494623,0.3410368753712555,0.1666666666666666,0.0384615384615384,0.0430119146759715,0.1806882651791183,0.0727799873386384,0.1,0.5,2.6,0.05,0.5,1.3,0.04,1.0,1.04,0.0384615384615384,1.0,1.0,0.0792189132706374,0.395123106060606,0.05,0.15,,system
2021,random_forest_chemistry,0.75,0.1055555555555555,0.3215796011667687,0.1,0.0384615384615384,0.10035154361931,0.3612955494254296,0.237152591047125,0.1,0.5,2.6,0.1,1.0,2.6,0.04,1.0,1.04,0.0384615384615384,1.0,1.0,0.0838286713286713,0.3833971291866026,0.05,0.3074999999999988,,system
2021,random_forest_hybrid,0.47,0.0525641025641025,0.2527141365449332,0.0384615384615384,0.0384615384615384,0.0569541379066507,0.2363021709773136,0.1059419170552972,0.0,0.0,0.0,0.0,0.0,0.0,0.04,1.0,1.04,0.0384615384615384,1.0,1.0,0.045678887085137,0.1879765234765234,0.0,0.05,,system
2021,logistic_text,0.91,0.25,0.4574945261898617,0.25,0.0384615384615384,0.1879162633535719,0.5374610426661779,0.3486926779666045,0.2,1.0,5.2,0.1,1.0,2.6,0.04,1.0,1.04,0.0384615384615384,1.0,1.0,0.1602564102564102,0.7433333333333327,0.1,0.4,,system
2021,logistic_text_hybrid,0.97,0.5,0.6509209298071323,0.5,0.0384615384615384,0.0425617260425836,0.1846198964462078,0.1134359541317035,0.2,1.0,5.2,0.1,1.0,2.6,0.04,1.0,1.04,0.0384615384615384,1.0,1.0,0.25,1.0,0.1,0.3,,system
2021,lsa_text_embedding,0.78,0.1185897435897435,0.3267385908544379,0.0833333333333333,0.0384615384615384,0.2271576783482281,0.6537122470546909,0.4220657165851916,0.0,0.0,0.0,0.1,1.0,2.6,0.04,1.0,1.04,0.0384615384615384,1.0,1.0,0.0726190476190476,0.325,0.0,0.3,,system
2021,pu_logistic_hybrid,0.96,0.45,0.6240505200038378,0.5,0.0384615384615384,0.0887370843589456,0.3024011791050914,0.2061502628294232,0.2,1.0,5.2,0.1,1.0,2.6,0.04,1.0,1.04,0.0384615384615384,1.0,1.0,0.2361111111111111,1.0,0.1,0.3,0.7021587888093842,system
2022,random,0.5057471264367817,0.0573563194530936,0.3002413003805479,0.0555555555555555,0.0439560439560439,0.3159660067227461,0.8933284276591226,0.4471119469343333,0.0,0.0,0.0,0.05,0.25,1.1375,0.04,0.5,0.91,0.0439560439560439,1.0,1.0,0.0181603773584905,0.177583361028027,0.0,0.15,,system
2022,popularity,0.8060344827586207,0.3253588516746412,0.6465304315534567,1.0,0.0439560439560439,0.2128386352366176,0.5678039614007203,0.3509457055163078,0.1,0.25,2.275,0.1,0.5,2.275,0.08,1.0,1.82,0.0439560439560439,1.0,1.0,0.0277777777777777,1.0,0.0,0.25,,system
2022,logistic_topology,0.7514367816091954,0.1935956200662083,0.4830725044245478,0.5,0.0439560439560439,0.1654245996619491,0.4735911255188694,0.300713453619809,0.1,0.25,2.275,0.05,0.25,1.1375,0.08,1.0,1.82,0.0439560439560439,1.0,1.0,0.0277777777777777,0.6958333333333333,0.0,0.2,,system
2022,random_forest_topology,0.7543103448275862,0.3458730158730159,0.6522494306333266,1.0,0.0439560439560439,0.0410902227602878,0.1624230192732237,0.0311938181262388,0.2,0.5,4.55,0.1,0.5,2.275,0.06,0.75,1.3649999999999998,0.0439560439560439,1.0,1.0,0.032258064516129,1.0,0.0,0.25,,system
2022,random_forest_chemistry,0.7758620689655172,0.417102206736353,0.7028458691926753,1.0,0.0439560439560439,0.0866286752031847,0.3242458164034388,0.206841031256507,0.2,0.5,4.55,0.1,0.5,2.275,0.08,1.0,1.82,0.0439560439560439,1.0,1.0,0.0256410256410256,1.0,0.0,0.25,,system
2022,random_forest_hybrid,0.8017241379310345,0.2082341269841269,0.4800558944440023,0.3333333333333333,0.0439560439560439,0.0460890939784307,0.1932550876490143,0.0790366605900007,0.2,0.5,4.55,0.1,0.5,2.275,0.08,1.0,1.82,0.0439560439560439,1.0,1.0,0.0263888888888888,0.6280820520475692,0.0,0.25,,system
2022,logistic_text,0.7758620689655172,0.2060042997542997,0.4929302893302456,0.5,0.0439560439560439,0.1820688963998661,0.5129192488700038,0.3251768835355974,0.1,0.25,2.275,0.1,0.5,2.275,0.08,1.0,1.82,0.0439560439560439,1.0,1.0,0.036036036036036,0.7700000000000004,0.0,0.25,,system
2022,logistic_text_hybrid,0.7183908045977011,0.1143315018315018,0.3796680934105551,0.2,0.0439560439560439,0.0727971257200332,0.2555493533468105,0.1277954239363075,0.1,0.25,2.275,0.05,0.25,1.1375,0.08,1.0,1.82,0.0439560439560439,1.0,1.0,0.0285009330292349,0.4468570649391132,0.0,0.1900000000000005,,system
2022,lsa_text_embedding,0.6120689655172413,0.0828461566228686,0.340367626646062,0.125,0.0439560439560439,0.224600188086895,0.6446618963273115,0.4147021553673036,0.1,0.25,2.275,0.05,0.25,1.1375,0.06,0.75,1.3649999999999998,0.0439560439560439,1.0,1.0,0.0267064777327935,0.3252603953233287,0.0,0.2,,system
2022,pu_logistic_hybrid,0.7112068965517242,0.1039377289377289,0.4424092368244668,0.3333333333333333,0.0439560439560439,0.2062095504105675,1.1950590834998855,0.2926686252583936,0.1,0.25,2.275,0.05,0.25,1.1375,0.08,1.0,1.82,0.0439560439560439,1.0,1.0,0.0343686612576064,0.2939520578076021,0.0,0.2,0.6574752901533828,system
2023,random,0.1468253968253968,0.0136819062052706,0.180842179430174,0.0093457943925233,0.015625,0.3240604201787616,0.9213336176110584,0.4733569646469964,0.0,0.0,0.0,0.0,0.0,0.0,0.0,0.0,0.0,0.0,0.0,0.0,0.0086206896551724,0.0388196254176276,0.0,0.0,,system
2023,popularity,0.7738095238095238,0.0375,0.2568029378597126,0.0416666666666666,0.015625,0.2054433351179369,0.5456394836959654,0.3454439911929155,0.0,0.0,0.0,0.0,0.0,0.0,0.04,1.0,2.56,0.02,1.0,1.28,0.0195230015082956,0.1161418269230768,0.0,0.1,,system
2023,logistic_topology,0.7857142857142857,0.0464285714285714,0.2522886759449388,0.037037037037037,0.015625,0.1596607725890552,0.4514489103311687,0.304474796221077,0.0,0.0,0.0,0.0,0.0,0.0,0.04,1.0,2.56,0.02,1.0,1.28,0.0256410256410256,0.1183909558909558,0.0,0.05,,system
2023,random_forest_topology,0.5595238095238095,0.0255617062845978,0.2163477308929049,0.0277777777777777,0.015625,0.0246125323649635,0.1169830372631531,0.0483197674855785,0.0,0.0,0.0,0.0,0.0,0.0,0.02,0.5,1.28,0.02,1.0,1.28,0.0116552667578659,0.0792297861905705,0.0,0.0,,system
2023,random_forest_chemistry,0.8849206349206349,0.1041666666666666,0.3254604649035665,0.125,0.015625,0.0670575924731295,0.2718698221666141,0.2069037396515352,0.1,0.5,6.4,0.05,0.5,3.2,0.04,1.0,2.56,0.02,1.0,1.28,0.037037037037037,0.3566071428571428,0.0,0.2,,system
2023,random_forest_hybrid,0.6706349206349206,0.0376121463077984,0.235921233155269,0.0434782608695652,0.015625,0.0311053103118021,0.1509341362054971,0.0937037406032957,0.0,0.0,0.0,0.0,0.0,0.0,0.02,0.5,1.28,0.02,1.0,1.28,0.0149253731343283,0.1180230414746543,0.0,0.1,,system
2023,logistic_text,0.9484126984126984,0.1833333333333333,0.3956467236022119,0.1666666666666666,0.015625,0.1766899995248853,0.4955351757236461,0.3328135209177522,0.2,1.0,12.8,0.1,1.0,6.4,0.04,1.0,2.56,0.02,1.0,1.28,0.0892045454545454,0.6103124999999985,0.05,0.25,,system
2023,logistic_text_hybrid,0.7698412698412698,0.0488095238095238,0.2519398732880596,0.0476190476190476,0.015625,0.0658040702255006,0.2304644359902463,0.1554025096710766,0.0,0.0,0.0,0.0,0.0,0.0,0.04,1.0,2.56,0.02,1.0,1.28,0.0227272727272727,0.166426282051282,0.0,0.15,,system
2023,lsa_text_embedding,0.3055555555555556,0.0164821178566883,0.1891384086873295,0.0123456790123456,0.015625,0.233529700800161,0.6609916805456082,0.4526485822266796,0.0,0.0,0.0,0.0,0.0,0.0,0.0,0.0,0.0,0.02,1.0,1.28,0.0096153846153846,0.0482641334569045,0.0,0.0,,system
2023,pu_logistic_hybrid,0.7301587301587301,0.0414529914529914,0.2399566957314977,0.0384615384615384,0.015625,0.1878261393737716,0.9396837067925576,0.2872619102606211,0.0,0.0,0.0,0.0,0.0,0.0,0.04,1.0,2.56,0.02,1.0,1.28,0.0196078431372549,0.1220435606060606,0.0,0.1,0.7347242795700204,system
2024,random,0.5953216374269006,0.0597690490986082,0.3479650072413808,0.0303030303030303,0.0452261306532663,0.3173972812161872,0.924695084813822,0.4495657647957741,0.0,0.0,0.0,0.0,0.0,0.0,0.06,0.3333333333333333,1.3266666666666669,0.06,0.6666666666666666,1.3266666666666669,0.0318855536223896,0.133886461553605,0.0,0.0,,system
2024,popularity,0.7634502923976608,0.1965375266200472,0.588713670751153,1.0,0.0452261306532663,0.1949441016104938,0.5302741072668565,0.3188651203365945,0.2,0.2222222222222222,4.422222222222223,0.1,0.2222222222222222,2.2111111111111112,0.1,0.5555555555555556,2.2111111111111112,0.08,0.8888888888888888,1.768888888888889,0.0393230160444516,0.4120629234128508,0.0,0.25,,system
2024,logistic_topology,0.7611111111111112,0.1043819067999908,0.4140599029543615,0.0909090909090909,0.0452261306532663,0.1348111190662963,0.397686203882906,0.2414789826333526,0.0,0.0,0.0,0.15,0.3333333333333333,3.3166666666666664,0.1,0.5555555555555556,2.2111111111111112,0.08,0.8888888888888888,1.768888888888889,0.0463044335232008,0.2359508092002463,0.0,0.2762499999999989,,system
2024,random_forest_topology,0.7049707602339181,0.1827740166749086,0.5556451189369069,1.0,0.0452261306532663,0.0428942653608669,0.1747382978476906,0.0394004346946397,0.1,0.1111111111111111,2.2111111111111112,0.05,0.1111111111111111,1.1055555555555556,0.06,0.3333333333333333,1.3266666666666669,0.07,0.7777777777777778,1.547777777777778,0.0403347560564771,0.4049458087630809,0.0,0.15,,system
2024,random_forest_chemistry,0.6736842105263158,0.099735022555449,0.4129020002114815,0.125,0.0452261306532663,0.0780779073828883,0.2917650567939735,0.1595103214579223,0.2,0.2222222222222222,4.422222222222223,0.15,0.3333333333333333,3.3166666666666664,0.06,0.3333333333333333,1.3266666666666669,0.08,0.8888888888888888,1.768888888888889,0.0401611907019133,0.2785888012670547,0.0,0.3,,system
2024,random_forest_hybrid,0.6865497076023392,0.1515950411434158,0.4987936447802018,0.5,0.0452261306532663,0.0476177781231846,0.1952864836498988,0.0569782978753951,0.2,0.2222222222222222,4.422222222222223,0.15,0.3333333333333333,3.3166666666666664,0.06,0.3333333333333333,1.3266666666666669,0.08,0.8888888888888888,1.768888888888889,0.0391008483427209,0.4326659643328785,0.0,0.3,,system
2024,logistic_text,0.750877192982456,0.117020036151339,0.4339900372517324,0.1666666666666666,0.0452261306532663,0.1782011065148249,0.5012888779652732,0.3049660530787709,0.2,0.2222222222222222,4.422222222222223,0.1,0.2222222222222222,2.2111111111111112,0.12,0.6666666666666666,2.6533333333333333,0.07,0.7777777777777778,1.547777777777778,0.0518738050424724,0.2871750850877985,0.0,0.25,,system
2024,logistic_text_hybrid,0.7198830409356725,0.0849205689782653,0.3853347234532756,0.0833333333333333,0.0452261306532663,0.0757707551464945,0.2567392500605679,0.1184722495151676,0.0,0.0,0.0,0.05,0.1111111111111111,1.1055555555555556,0.08,0.4444444444444444,1.768888888888889,0.07,0.7777777777777778,1.547777777777778,0.0413982545232545,0.1877845878854138,0.0,0.15,,system
2024,lsa_text_embedding,0.5,0.0520256212630164,0.3424093455404703,0.0526315789473684,0.0452261306532663,0.2397614638450256,0.6733059598337459,0.4336880341168649,0.0,0.0,0.0,0.05,0.1111111111111111,1.1055555555555556,0.04,0.2222222222222222,0.8844444444444445,0.05,0.5555555555555556,1.1055555555555556,0.0233771175241766,0.1061252582886525,0.0,0.1,,system
2024,pu_logistic_hybrid,0.7315789473684211,0.086300528581554,0.3828063524697629,0.0666666666666666,0.0452261306532663,0.1922848699082621,1.0639505183478883,0.2658124482054921,0.0,0.0,0.0,0.05,0.1111111111111111,1.1055555555555556,0.1,0.5555555555555556,2.2111111111111112,0.09,1.0,1.99,0.0431209079178264,0.1781427377759513,0.0,0.15,0.7204099310567187,system
2020,random,0.3898989898989899,0.1230830737227038,0.5019377620902478,0.0555555555555555,0.1538461538461538,0.3553018989328867,1.022640772990317,0.3955406065161214,0.0,0.0,0.0,0.1,0.0666666666666666,0.65,0.08,0.1333333333333333,0.52,0.11,0.3666666666666666,0.715,0.0846088999962868,0.1835109366262449,0.0,0.2,,element_pair
2020,popularity,0.6791919191919191,0.2554006339429038,0.6670655546205012,0.5,0.1538461538461538,0.1798462709551347,0.4985730873582282,0.2104280235475776,0.4,0.1333333333333333,2.6,0.25,0.1666666666666666,1.625,0.14,0.2333333333333333,0.91,0.22,0.7333333333333333,1.43,0.1632609422210085,0.3802911005282158,0.1,0.5,,element_pair
2020,logistic_topology,0.6587878787878788,0.248811130670387,0.6593337190063085,0.5,0.1538461538461538,0.1583957454856501,0.4644134144301107,0.186451565818597,0.4,0.1333333333333333,2.6,0.3,0.2,1.95,0.16,0.2666666666666666,1.04,0.19,0.6333333333333333,1.235,0.1660110774054947,0.3925946803436732,0.15,0.55,,element_pair
2020,random_forest_topology,0.7260606060606061,0.4906020425774596,0.8467831364859257,1.0,0.1538461538461538,0.1324717892278645,0.5032139716678922,0.1250664394405375,0.9,0.3,5.85,0.6,0.4,3.9,0.28,0.4666666666666667,1.82,0.21,0.7,1.3649999999999998,0.3303669502139651,0.6256035064546712,0.3,0.8,,element_pair
2020,random_forest_chemistry,0.6696969696969697,0.3353004806193893,0.7433733583397475,1.0,0.1538461538461538,0.1216416814360104,0.4049830524065331,0.0450056786348315,0.4,0.1333333333333333,2.6,0.35,0.2333333333333333,2.275,0.34,0.5666666666666667,2.21,0.19,0.6333333333333333,1.235,0.1739870932929315,0.5138380389059216,0.15,0.6,,element_pair
2020,random_forest_hybrid,0.648080808080808,0.2878723812278368,0.6920500945729038,1.0,0.1538461538461538,0.1343984143062258,0.5700123678142459,0.1171233210360733,0.2,0.0666666666666666,1.3,0.25,0.1666666666666666,1.625,0.32,0.5333333333333333,2.08,0.2,0.6666666666666666,1.3,0.1634907406999576,0.4657152065979028,0.05,0.5,,element_pair
2020,logistic_text,0.6138383838383838,0.2493568677865474,0.6884679286890714,1.0,0.1538461538461538,0.1563567123536396,0.5039482367287448,0.1300978873934798,0.4,0.1333333333333333,2.6,0.2,0.1333333333333333,1.3,0.12,0.2,0.7799999999999999,0.17,0.5666666666666667,1.105,0.1455561680050636,0.3863913431897574,0.05,0.4,,element_pair
2020,logistic_text_hybrid,0.6244444444444445,0.2258531956161545,0.6252783123012097,0.5,0.1538461538461538,0.1461799640598967,0.5520816177145038,0.1130398916856262,0.2,0.0666666666666666,1.3,0.3,0.2,1.95,0.2,0.3333333333333333,1.3,0.21,0.7,1.3649999999999998,0.133356214932852,0.3982643845795648,0.05,0.5,,element_pair
2020,lsa_text_embedding,0.6077777777777778,0.2182483064527126,0.5886520370299455,0.1428571428571428,0.1538461538461538,0.1491130384739363,0.6763729079771973,0.1312746954348628,0.2,0.0666666666666666,1.3,0.25,0.1666666666666666,1.625,0.2,0.3333333333333333,1.3,0.15,0.5,0.975,0.1442991070236036,0.336102740489421,0.05,0.45,,element_pair
2020,pu_logistic_hybrid,0.6317171717171717,0.2112376671691654,0.6092545086802336,0.1666666666666666,0.1538461538461538,0.1743288493162035,0.9405582798560668,0.1565105744384115,0.2,0.0666666666666666,1.3,0.25,0.1666666666666666,1.625,0.2,0.3333333333333333,1.3,0.22,0.7333333333333333,1.43,0.1328752228700293,0.3585054300489556,0.05,0.5,0.8387233494918419,element_pair
2021,random,0.4739046391752577,0.1339110589601264,0.5284512941186615,0.2,0.1415929203539823,0.3334986074277029,0.9774321406968132,0.3615216317186144,0.1,0.03125,0.70625,0.05,0.03125,0.353125,0.08,0.125,0.5650000000000001,0.11,0.34375,0.776875,0.0909359829105981,0.2142182300971745,0.0,0.2,,element_pair
2021,popularity,0.8485824742268041,0.4121208981392171,0.7134194777967697,0.1666666666666666,0.1415929203539823,0.1268494130327179,0.3792407968879093,0.1321367913008979,0.4,0.125,2.825,0.35,0.21875,2.471875,0.46,0.71875,3.24875,0.28,0.875,1.9775000000000005,0.267764512693565,0.5900232960073307,0.2,0.65,,element_pair
2021,logistic_topology,0.757007087628866,0.2873263479906235,0.6505455788138572,0.25,0.1415929203539823,0.1415736340211793,0.4077861825630351,0.1147480836090914,0.5,0.15625,3.53125,0.25,0.15625,1.765625,0.22,0.34375,1.55375,0.27,0.84375,1.906875,0.1829903304803226,0.4353720223042453,0.1,0.5,,element_pair
2021,random_forest_topology,0.8427029639175257,0.4726703832938408,0.7163262355399076,0.1666666666666666,0.1415929203539823,0.1250114244474812,0.4770096343471106,0.1300057849578468,0.3,0.09375,2.11875,0.65,0.40625,4.590625,0.46,0.71875,3.24875,0.26,0.8125,1.83625,0.3038402417930727,0.6804791325940872,0.35,0.85,,element_pair
2021,random_forest_chemistry,0.7024806701030928,0.2725042280438066,0.6613476832893443,0.3333333333333333,0.1415929203539823,0.1165552089247458,0.3813449631586768,0.0255331440929496,0.4,0.125,2.825,0.3,0.1875,2.11875,0.26,0.40625,1.83625,0.24,0.75,1.695,0.1645730762992829,0.4405533947254066,0.1,0.5,,element_pair
2021,random_forest_hybrid,0.787048969072165,0.3336005567890822,0.67020886373349,0.3333333333333333,0.1415929203539823,0.1178479744211095,0.3871902569330766,0.0851794193053021,0.1,0.03125,0.70625,0.35,0.21875,2.471875,0.4,0.625,2.825,0.26,0.8125,1.83625,0.2273709972242794,0.5119808236609691,0.15,0.6,,element_pair
2021,logistic_text,0.8294136597938144,0.37274890865659,0.698246569860102,0.25,0.1415929203539823,0.1254280983658223,0.391557402767446,0.1281937016903632,0.5,0.15625,3.53125,0.4,0.25,2.825,0.34,0.53125,2.40125,0.27,0.84375,1.906875,0.2418848324413242,0.5554445693412814,0.2,0.6,,element_pair
2021,logistic_text_hybrid,0.7820554123711341,0.3138336291006828,0.677055281706484,0.3333333333333333,0.1415929203539823,0.1182898368008614,0.3693544485552159,0.068334390548631,0.4,0.125,2.825,0.3,0.1875,2.11875,0.3,0.46875,2.11875,0.26,0.8125,1.83625,0.1931672599058509,0.4939439648055309,0.15,0.5,,element_pair
2021,lsa_text_embedding,0.5536404639175259,0.1523215395574661,0.5208402520508578,0.037037037037037,0.1415929203539823,0.227354120960519,0.6516350375572219,0.2687483036791824,0.0,0.0,0.0,0.0,0.0,0.0,0.1,0.15625,0.70625,0.17,0.53125,1.200625,0.1114404597234338,0.2141324609424948,0.0,0.05,,element_pair
2021,pu_logistic_hybrid,0.7755315721649485,0.2820583215109568,0.6746346333191401,0.1666666666666666,0.1415929203539823,0.1677158930083698,0.8341951276418543,0.1344490357263821,0.3,0.09375,2.11875,0.25,0.15625,1.765625,0.26,0.40625,1.83625,0.27,0.84375,1.906875,0.1763051203747935,0.4249517993942172,0.07375,0.5,0.7669440946798044,element_pair
2022,random,0.5512114537444933,0.0432616176820912,0.3159224648828167,0.0256410256410256,0.0340425531914893,0.3228421179499938,0.95198517915113,0.4602408325003704,0.0,0.0,0.0,0.0,0.0,0.0,0.02,0.125,0.5875,0.05,0.625,1.46875,0.0215537930585814,0.0949046468057581,0.0,0.0,,element_pair
2022,popularity,0.9052863436123348,0.4294525488173029,0.7794319691215211,1.0,0.0340425531914893,0.0895211479856122,0.2782380265373054,0.165369628174315,0.5,0.625,14.6875,0.25,0.625,7.34375,0.12,0.75,3.525,0.07,0.875,2.0562500000000004,0.1103270219059692,0.7608077681094746,0.1,0.5,,element_pair
2022,logistic_topology,0.8807819383259912,0.6032719797596457,0.8568055164842139,1.0,0.0340425531914893,0.098143512000094,0.2994487768503602,0.1679830350434294,0.5,0.625,14.6875,0.25,0.625,7.34375,0.12,0.75,3.525,0.07,0.875,2.0562500000000004,0.2319453619901245,0.9101923076923076,0.05,0.45,,element_pair
2022,random_forest_topology,0.8593061674008812,0.2629697679961862,0.5806217528518386,0.5,0.0340425531914893,0.0305466696333765,0.1182080364106246,0.0238688391945249,0.2,0.25,5.875,0.15,0.375,4.40625,0.12,0.75,3.525,0.07,0.875,2.0562500000000004,0.0623569481906687,0.6256728787170462,0.0,0.3262499999999988,,element_pair
2022,random_forest_chemistry,0.8794052863436124,0.3739537326708379,0.6928940244350639,1.0,0.0340425531914893,0.0441106664000071,0.1962992350906635,0.1198908874642136,0.4,0.5,11.75,0.3,0.75,8.8125,0.12,0.75,3.525,0.07,0.875,2.0562500000000004,0.1282196969696969,0.6667810739887353,0.1,0.55,,element_pair
2022,random_forest_hybrid,0.875,0.2507096934973921,0.5716976000250789,0.5,0.0340425531914893,0.0321360805947814,0.1269782368421863,0.0354236292768761,0.2,0.25,5.875,0.2,0.5,5.875,0.14,0.875,4.112500000000001,0.07,0.875,2.0562500000000004,0.0838634409512864,0.6494852310809756,0.05,0.4,,element_pair
2022,logistic_text,0.8692180616740088,0.5141526207046542,0.7961443012999966,1.0,0.0340425531914893,0.0821701892066649,0.2744352361928551,0.1715189731409919,0.5,0.625,14.6875,0.25,0.625,7.34375,0.1,0.625,2.9375,0.07,0.875,2.0562500000000004,0.1430516522126111,0.8198541787755498,0.05,0.45,,element_pair
2022,logistic_text_hybrid,0.876101321585903,0.1850874109755688,0.5012895825304419,0.3333333333333333,0.0340425531914893,0.0524156086612117,0.172666204662117,0.0809227615886361,0.2,0.25,5.875,0.1,0.25,2.9375,0.14,0.875,4.112500000000001,0.08,1.0,2.35,0.0774526515151515,0.4918645186335399,0.0,0.3,,element_pair
2022,lsa_text_embedding,0.4369493392070485,0.0349339748420586,0.2967885019397878,0.02,0.0340425531914893,0.2049085222505633,0.6095524513455688,0.3669138085675387,0.0,0.0,0.0,0.0,0.0,0.0,0.02,0.125,0.5875,0.02,0.25,0.5875,0.0152000194509054,0.0718754131383335,0.0,0.0,,element_pair
2022,pu_logistic_hybrid,0.8557268722466961,0.132143393101394,0.4301172558821794,0.125,0.0340425531914893,0.1066159865401622,0.6566446495485203,0.1468542225116599,0.1,0.125,2.9375,0.1,0.25,2.9375,0.14,0.875,4.112500000000001,0.07,0.875,2.0562500000000004,0.0514202352277799,0.3003586688720503,0.0,0.25,0.8194659385740262,element_pair
2023,random,0.4708273553323768,0.1193729860544343,0.5194670627635517,0.0833333333333333,0.1214285714285714,0.3283557823025644,0.94838312578652,0.3873262750946269,0.0,0.0,0.0,0.15,0.088235294117647,1.2352941176470589,0.12,0.1764705882352941,0.988235294117647,0.1,0.2941176470588235,0.823529411764706,0.0710214730834434,0.1892256544225601,0.0,0.3,,element_pair
2023,popularity,0.7542443806791008,0.3558270309466223,0.7683841727593322,1.0,0.1214285714285714,0.1201254071687452,0.5147648283861439,0.1213062451104067,0.6,0.1764705882352941,4.941176470588236,0.4,0.2352941176470588,3.294117647058824,0.36,0.5294117647058824,2.9647058823529413,0.2,0.5882352941176471,1.647058823529412,0.2406257595713919,0.5137080542201728,0.2,0.6,,element_pair
2023,logistic_topology,0.7616571018651364,0.3666732243804463,0.7515240298207209,1.0,0.1214285714285714,0.1222924890403171,0.4224635362444188,0.1275923395403145,0.5,0.1470588235294117,4.11764705882353,0.5,0.2941176470588235,4.11764705882353,0.36,0.5294117647058824,2.9647058823529413,0.2,0.5882352941176471,1.647058823529412,0.2289252838352318,0.5369666064129519,0.3,0.75,,element_pair
2023,random_forest_topology,0.7256097560975608,0.3123219851263563,0.7317386647640862,1.0,0.1214285714285714,0.1070669403111108,0.5491567848357157,0.0905988111168752,0.5,0.1470588235294117,4.11764705882353,0.35,0.2058823529411764,2.8823529411764706,0.26,0.3823529411764705,2.1411764705882352,0.22,0.6470588235294118,1.811764705882353,0.1991089519232197,0.4655494089267728,0.15,0.55,,element_pair
2023,random_forest_chemistry,0.8269966523194644,0.3834498865353181,0.6874412237200916,0.1666666666666666,0.1214285714285714,0.0880199529953932,0.2999200941603744,0.0735358149800589,0.2,0.0588235294117647,1.647058823529412,0.4,0.2352941176470588,3.294117647058824,0.46,0.6764705882352942,3.788235294117648,0.27,0.7941176470588235,2.223529411764706,0.246352329038992,0.5683591927235899,0.2,0.7,,element_pair
2023,random_forest_hybrid,0.7968675274988044,0.3675836352200827,0.7618487614773516,1.0,0.1214285714285714,0.0957409177885171,0.3252302235398541,0.0503292455808251,0.4,0.1176470588235294,3.294117647058824,0.35,0.2058823529411764,2.8823529411764706,0.34,0.5,2.8000000000000003,0.24,0.7058823529411765,1.976470588235294,0.2278300339545741,0.5369325258721661,0.15,0.6,,element_pair
2023,logistic_text,0.7532281205164992,0.329718388231303,0.6842795670321368,0.25,0.1214285714285714,0.1081808183723979,0.3716093509002198,0.0886264171081561,0.5,0.1470588235294117,4.11764705882353,0.5,0.2941176470588235,4.11764705882353,0.3,0.4411764705882353,2.4705882352941178,0.25,0.7352941176470589,2.058823529411765,0.2062559066123574,0.5105499017512654,0.25,0.75,,element_pair
2023,logistic_text_hybrid,0.7294356767097082,0.2829476491908536,0.67508142219727,0.5,0.1214285714285714,0.1099396794870249,0.4209245381730646,0.0890123802112347,0.3,0.088235294117647,2.4705882352941178,0.45,0.2647058823529412,3.7058823529411766,0.26,0.3823529411764705,2.1411764705882352,0.23,0.6764705882352942,1.894117647058824,0.1796362809802303,0.4487916015389674,0.2,0.65,,element_pair
2023,lsa_text_embedding,0.4360353897656623,0.1118180373644174,0.5038660276798984,0.0833333333333333,0.1214285714285714,0.22650795242719,0.6551159100753877,0.2850205633495907,0.0,0.0,0.0,0.1,0.0588235294117647,0.823529411764706,0.04,0.0588235294117647,0.3294117647058823,0.12,0.3529411764705882,0.988235294117647,0.0700565320522907,0.166711743049611,0.0,0.2,,element_pair
2023,pu_logistic_hybrid,0.7265662362505977,0.2931479462280518,0.70726573940153,0.3333333333333333,0.1214285714285714,0.1450590620418083,0.6670868272754875,0.1235200753828252,0.5,0.1470588235294117,4.11764705882353,0.45,0.2647058823529412,3.7058823529411766,0.26,0.3823529411764705,2.1411764705882352,0.22,0.6470588235294118,1.811764705882353,0.1808034414489691,0.4534435271600207,0.25,0.65,0.8197451593076668,element_pair
2024,random,0.5435996808389377,0.1103132663140478,0.4983340175579134,0.0714285714285714,0.0987261146496815,0.3121575026165468,0.9253163055800154,0.4017897954495133,0.0,0.0,0.0,0.05,0.032258064516129,0.5064516129032258,0.08,0.1290322580645161,0.8103225806451613,0.13,0.4193548387096774,1.316774193548387,0.0788315653683114,0.1714005868694315,0.0,0.15,,element_pair
2024,popularity,0.8188760971161518,0.2480906232572159,0.6103539726882281,0.125,0.0987261146496815,0.1128810587245502,0.3391031120026375,0.119881748230344,0.1,0.032258064516129,1.0129032258064516,0.3,0.1935483870967742,3.0387096774193547,0.28,0.4516129032258064,2.836129032258065,0.23,0.7419354838709677,2.329677419354838,0.1694928436921717,0.3733365488325378,0.05,0.45,,element_pair
2024,logistic_topology,0.8129488202439303,0.2439978026545351,0.6141157415919448,0.25,0.0987261146496815,0.1263646540985472,0.3787432268105883,0.1210777058890131,0.2,0.064516129032258,2.0258064516129037,0.2,0.1290322580645161,2.0258064516129037,0.28,0.4516129032258064,2.836129032258065,0.25,0.8064516129032258,2.532258064516129,0.1710457296145983,0.3607787234689651,0.05,0.35,,element_pair
2024,random_forest_topology,0.7348683460617804,0.2678834450037545,0.6342701205483979,0.2,0.0987261146496815,0.0875515407495074,0.3419194016427474,0.0710004682094129,0.3,0.0967741935483871,3.0387096774193547,0.35,0.2258064516129032,3.5451612903225804,0.32,0.5161290322580645,3.241290322580645,0.2,0.6451612903225806,2.0258064516129037,0.1752686238380348,0.3953735285220864,0.15,0.5262499999999989,,element_pair
2024,random_forest_chemistry,0.7802348113530149,0.26504177661958,0.6679056951960757,0.5,0.0987261146496815,0.0855428981972776,0.2932734910962743,0.0583203396465792,0.4,0.1290322580645161,4.051612903225807,0.3,0.1935483870967742,3.0387096774193547,0.22,0.3548387096774194,2.228387096774193,0.22,0.7096774193548387,2.228387096774193,0.1715214513741137,0.4294347171495814,0.1,0.5,,element_pair
2024,random_forest_hybrid,0.7471788441810099,0.2497795711637076,0.6341641354531421,0.25,0.0987261146496815,0.0827990735392428,0.2929352588677688,0.034500171421148,0.3,0.0967741935483871,3.0387096774193547,0.35,0.2258064516129032,3.5451612903225804,0.28,0.4516129032258064,2.836129032258065,0.18,0.5806451612903226,1.8232258064516127,0.1631607464687922,0.4117952301288231,0.15,0.55,,element_pair
2024,logistic_text,0.7810327140088908,0.2580993162852036,0.6460953627941963,0.5,0.0987261146496815,0.1077869575653968,0.3401518241222127,0.1096793421466614,0.3,0.0967741935483871,3.0387096774193547,0.35,0.2258064516129032,3.5451612903225804,0.22,0.3548387096774194,2.228387096774193,0.21,0.6774193548387096,2.1270967741935483,0.1524920674476171,0.4257337723406313,0.1,0.55,,element_pair
2024,logistic_text_hybrid,0.7643907443291919,0.2201424099305876,0.6135218710608877,0.25,0.0987261146496815,0.1029355051341247,0.3262264521685301,0.0738649982860142,0.4,0.1290322580645161,4.051612903225807,0.25,0.1612903225806451,2.532258064516129,0.22,0.3548387096774194,2.228387096774193,0.19,0.6129032258064516,1.9245161290322577,0.1425913433408134,0.3770205139461908,0.05,0.4262499999999989,,element_pair
2024,lsa_text_embedding,0.3858429271628861,0.0796260464909578,0.4455090707639476,0.0125,0.0987261146496815,0.2362203258963701,0.675635336958964,0.3138699091598896,0.0,0.0,0.0,0.0,0.0,0.0,0.0,0.0,0.0,0.03,0.0967741935483871,0.3038709677419354,0.0544283124002194,0.1121437471991667,0.0,0.0,,element_pair
2024,pu_logistic_hybrid,0.7561837455830389,0.2061563802814647,0.6334025725783641,0.1428571428571428,0.0987261146496815,0.1528391491534499,0.7717161168662611,0.1366902827181223,0.2,0.064516129032258,2.0258064516129037,0.2,0.1290322580645161,2.0258064516129037,0.18,0.2903225806451613,1.8232258064516127,0.19,0.6129032258064516,1.9245161290322577,0.131946619408963,0.3320032758108533,0.05,0.4,0.8017608046649857,element_pair
