entity_level,model,windows,mean_pr_auc,median_pr_auc,q1_pr_auc,q3_pr_auc,geometric_mean_lift,windows_above_prevalence
Exact element set,popularity,4,0.2648490945736721,0.2609481891473442,0.1567781449650354,0.3690191387559809,5.628448137580176,4
Exact element set,logistic_topology,4,0.33610152457369263,0.14898876343309955,0.08989357295713596,0.39519671504965626,5.2937428503968675,4
Exact element set,logistic_text,4,0.18908941730974302,0.19466881654381651,0.16675500903783472,0.2170032248157248,5.514622794200966,4
Exact element set,lsa_text_embedding,4,0.0674859098330792,0.0674358889429425,0.04313974541143438,0.09178205336458732,1.6295728072233113,4
Exact element set,random_forest_chemistry,4,0.18163986287850603,0.10486111111111104,0.1030587556388622,0.18344221835075486,4.423452138839895,4
Element pair,popularity,5,0.3401783470206524,0.3558270309466223,0.2554006339429038,0.4121208981392171,3.3917323078818824,5
Element pair,logistic_topology,5,0.3500160970911275,0.2873263479906235,0.248811130670387,0.3666732243804463,3.3690236306636403,5
Element pair,logistic_text,5,0.34481522033285966,0.329718388231303,0.2580993162852036,0.37274890865659,3.404640887283509,5
Element pair,lsa_text_embedding,5,0.11938958094152252,0.1118180373644174,0.0796260464909578,0.1523215395574661,1.0306822506965285,3
Element pair,random_forest_chemistry,5,0.32605002089778645,0.3353004806193893,0.2725042280438066,0.3739537326708379,3.2987469408417183,5
