entity_level,scope,k,candidate_count,positives,prevalence,hits_at_k,precision_at_k,enrichment_at_k,precision_ci_low,precision_ci_high,enrichment_ci_low,enrichment_ci_high,hypergeometric_p,permutation_p
system,all_primary_and_preprint,10,280,6,0.02142857142857143,2,0.2,9.333333333333334,0.0,0.5,0.0,42.0,0.015992243785908723,0.013598640135986401
system,all_primary_and_preprint,20,280,6,0.02142857142857143,3,0.15,7.0,0.0,0.3,0.0,28.000000000000004,0.005469013876456964,0.005699430056994301
system,all_primary_and_preprint,50,280,6,0.02142857142857143,5,0.1,4.666666666666667,0.02,0.18,1.0181818181818183,16.8,0.000793504328628948,0.0004999500049995
system,all_primary_and_preprint,100,280,6,0.02142857142857143,5,0.05,2.3333333333333335,0.01,0.1,0.4666666666666667,8.4,0.023249495248890282,0.019598040195980403
system,peer_reviewed_articles_only,10,280,5,0.017857142857142856,2,0.2,11.200000000000001,0.0,0.5,0.0,56.00000000000001,0.010870167553446707,0.0100989901009899
system,peer_reviewed_articles_only,20,280,5,0.017857142857142856,2,0.1,5.6000000000000005,0.0,0.25,0.0,28.000000000000004,0.04262946370211539,0.040695930406959305
system,peer_reviewed_articles_only,50,280,5,0.017857142857142856,4,0.08,4.48,0.02,0.16,0.7000000000000001,19.6,0.003981442771717178,0.0044995500449955
system,peer_reviewed_articles_only,100,280,5,0.017857142857142856,4,0.04,2.24,0.01,0.08,0.39999999999999997,9.8,0.05645422649531069,0.06239376062393761
element_pair,all_primary_and_preprint,10,458,25,0.05458515283842795,2,0.2,3.664,0.0,0.5,0.0,9.642105263157895,0.09838956996091255,0.10008999100089991
element_pair,all_primary_and_preprint,20,458,25,0.05458515283842795,4,0.2,3.664,0.05,0.4,0.817857142857143,8.08235294117647,0.018518191645021116,0.0216978302169783
element_pair,all_primary_and_preprint,50,458,25,0.05458515283842795,6,0.12,2.1984,0.04,0.22,0.6542857142857144,4.58,0.043518013659665025,0.0435956404359564
element_pair,all_primary_and_preprint,100,458,25,0.05458515283842795,12,0.12,2.1984,0.06,0.19,1.0341935483870968,4.163636363636364,0.0025780427584024645,0.0032996700329967
element_pair,peer_reviewed_articles_only,10,458,18,0.039301310043668124,0,0.0,0.0,0.0,0.0,0.0,0.0,1.0,1.0
element_pair,peer_reviewed_articles_only,20,458,18,0.039301310043668124,1,0.05,1.2722222222222221,0.0,0.15,0.0,4.58,0.5592900431282869,0.5562443755624438
element_pair,peer_reviewed_articles_only,50,458,18,0.039301310043668124,3,0.06,1.5266666666666666,0.0,0.14,0.0,4.163636363636364,0.3121342652901995,0.32186781321867813
element_pair,peer_reviewed_articles_only,100,458,18,0.039301310043668124,5,0.05,1.2722222222222221,0.01,0.1,0.26941176470588235,2.9442857142857144,0.35341953489563327,0.3545645435456454
