annotation_id,blinded_row_id,doi,system_id,reaction_id,reviewer2_material_valid,reviewer2_reaction_valid,reviewer2_target_catalyst,reviewer_material_valid,reviewer_reaction_valid,reviewer_target_catalyst,reviewer1_final_accept,reviewer2_final_accept
A00083,R2-001,10.1016/j.jechem.2026.08.055,Ce-Gd-La-Pt-Tb,ORR,yes,yes,yes,yes,yes,yes,accept,accept
A00048,R2-002,10.1021/acsaem.5c03438,Bi-Cu-In-Pd-Zn,CO2RR,yes,yes,yes,yes,yes,yes,accept,accept
A00029,R2-003,10.1016/j.electacta.2026.149378,Al-Co-Cu-Fe-Ni,OER,yes,yes,yes,yes,yes,yes,accept,accept
A00016,R2-004,10.1039/d6ta00893c/v1/decision1,Co-Fe-Ni-Pt-Rh,OER,no,no,no,no,no,no,not_accept,not_accept
A00080,R2-005,10.33545/26646552.2026.v8.i8a.174,Co-Cu-Fe-Mn-Ni,HER,yes,yes,uncertain,no,no,no,not_accept,not_accept
A00076,R2-006,10.1016/j.jobab.2026.100282,Co-Cr-Cu-Fe-Ru,HER,yes,yes,no,yes,yes,yes,not_accept,accept
A00030,R2-007,10.1016/j.electacta.2026.149378,Al-Co-Cu-Fe-Ni,ORR,yes,yes,yes,yes,yes,yes,accept,accept
A00006,R2-008,10.1039/d6ta00893c,Co-Fe-Ni-Pt-Rh,OER,yes,yes,yes,yes,yes,yes,accept,accept
A00020,R2-009,10.1039/d6ta00893c/v2/response1,Co-Fe-Ni-Pt-Rh,OER,no,no,no,no,no,no,not_accept,not_accept
A00041,R2-010,10.1021/jacs.5c16422,Au-Co-Fe-Ni-Pd,HER,yes,uncertain,uncertain,yes,yes,yes,not_accept,accept
A00013,R2-011,10.21203/rs.3.rs-8904302/v1,Co-Cu-Fe-Ni-Zn,ORR,yes,yes,yes,yes,yes,yes,accept,accept
A00075,R2-012,10.1149/ma2026-01412096mtgabs,Co-Fe-Ni-Pt-Ru,OER,yes,uncertain,uncertain,yes,yes,yes,not_accept,accept
A00033,R2-013,10.1007/s44405-026-00051-2,Co-Cu-Fe-Mn-Ni,HER,yes,yes,yes,yes,yes,yes,accept,accept
A00043,R2-014,10.1021/jacs.5c16652,Co-Fe-Mn-Ni-Ru,ORR,yes,no,no,yes,no,no,not_accept,not_accept
A00045,R2-015,10.1021/acsnano.5c15820,Co-Cu-Fe-Mn-Ni,ORR,yes,yes,yes,yes,yes,yes,accept,accept
A00026,R2-016,10.1016/j.fuel.2026.140050,Co-Fe-Mn-Ni-Sn,OER,yes,yes,yes,yes,yes,yes,accept,accept
A00061,R2-017,81,Co-Cu-Fe-Mn-Ni,HER,yes,yes,no,yes,yes,yes,not_accept,accept
A00007,R2-018,10.2139/ssrn.6913239,B-Co-Fe-Ge-Mn-Mo,HER,yes,yes,yes,yes,yes,yes,accept,accept
A00062,R2-019,10.1021/jacs.6c05904,Co-Cu-Ni-Pt-Ru,ORR,yes,yes,yes,yes,yes,yes,accept,accept
A00010,R2-020,10.1016/j.jallcom.2026.186181,Co-Fe-Ni-Ta-Zn,OER,yes,yes,yes,yes,yes,yes,accept,accept
A00053,R2-021,10.26599/nr.2026.94908613,Al-Co-Cu-Fe-Ni,OER,yes,yes,yes,yes,yes,yes,accept,accept
A00058,R2-022,10.1021/prechem.5c00428,Ag-Au-Co-Cu-Fe-Ir-Ni-Pd-Pt-Rh-Ru,HER,yes,uncertain,uncertain,yes,yes,yes,not_accept,accept
A00012,R2-023,10.1039/d6ta00893c/v1/review1,Co-Fe-Ni-Pt-Rh,OER,no,no,no,no,no,no,not_accept,not_accept
A00059,R2-024,10.3390/molecules31101603,Co-Fe-Mo-Ni,HER,uncertain,yes,yes,yes,yes,yes,not_accept,accept
A00021,R2-025,10.1021/acsanm.6c00789,Ir-Mo-Pd-Sn-Zn,OER,yes,yes,yes,yes,yes,yes,accept,accept
A00065,R2-026,81,Co-Fe-Ir-Ni-Ru,ORR,yes,yes,yes,yes,yes,yes,accept,accept
