label_rule,candidate_count,positives,prevalence,k,actual_k,hits_at_k,precision_at_k,enrichment_at_k,hypergeometric_p,bonferroni_p,bh_fdr_q
conservative_intersection,280,6,0.02142857142857143,10,10,2,0.2,9.333333333333334,0.015992243785908723,0.06396897514363489,0.021322991714544964
conservative_intersection,280,6,0.02142857142857143,20,20,3,0.15,7.0,0.005469013876456964,0.021876055505827857,0.010938027752913929
conservative_intersection,280,6,0.02142857142857143,50,50,5,0.1,4.666666666666667,0.000793504328628948,0.003174017314515792,0.003174017314515792
conservative_intersection,280,6,0.02142857142857143,100,100,5,0.05,2.3333333333333335,0.023249495248890282,0.09299798099556113,0.023249495248890282
locked_reviewer1,280,6,0.02142857142857143,10,10,2,0.2,9.333333333333334,0.015992243785908723,0.06396897514363489,0.021322991714544964
locked_reviewer1,280,6,0.02142857142857143,20,20,3,0.15,7.0,0.005469013876456964,0.021876055505827857,0.010938027752913929
locked_reviewer1,280,6,0.02142857142857143,50,50,5,0.1,4.666666666666667,0.000793504328628948,0.003174017314515792,0.003174017314515792
locked_reviewer1,280,6,0.02142857142857143,100,100,5,0.05,2.3333333333333335,0.023249495248890282,0.09299798099556113,0.023249495248890282
inclusive_union,280,8,0.02857142857142857,10,10,3,0.3,10.5,0.0016866673706855066,0.006746669482742026,0.0022488898275806754
inclusive_union,280,8,0.02857142857142857,20,20,4,0.2,7.000000000000001,0.001118674859809134,0.004474699439236536,0.002237349719618268
inclusive_union,280,8,0.02857142857142857,50,50,7,0.14,4.9,2.7754712709158755e-05,0.00011101885083663502,0.00011101885083663502
inclusive_union,280,8,0.02857142857142857,100,100,7,0.07,2.45,0.003621229636183135,0.01448491854473254,0.003621229636183135
